source_file,source_location,item,quantity,status,reason
team-14/Sironko/Buyobo-HC-III/Asset-Verification-Toolkit.docx,Table 6 row 202,"Haemoglobin Meter, Sahli (0)",0,zero_count_omitted,The original source explicitly records zero and states 'Recorded as none held'; no physical asset is recorded.
team-14/Sironko/Buyobo-HC-III/Asset-Verification-Toolkit.docx,Table 6 row 229,"Bag Valve mask (Ambu Bag), Neonatal (0)",0,zero_count_omitted,The original source explicitly records zero and states 'Recorded as none held'; no physical asset is recorded.
team-14/Sironko/Buyobo-HC-III/Asset-Verification-Toolkit.docx,Table 6 row 233,Incubator (0),0,zero_count_omitted,The original source explicitly records zero and states 'Recorded as none held'; no physical asset is recorded.
team-14/Bududa/Nakatsi-Seed-Secondary-School/Asset-Verification-Toolkit.docx,Table 11 row 23,Human Ear chart (0),0,zero_count_omitted,"Source count conflict: the item explicitly records zero while the generic condition says available and serialised. Original cells and related returns provide no tag, serial, unit identity or positive quantity. Retained zero; the separate Human ear model (1) stays."
team-14/Bududa/Nakatsi-Seed-Secondary-School/Asset-Verification-Toolkit.docx,Table 11 row 26,U-tube manometer (0),0,zero_count_omitted,"Source count conflict: the item explicitly records zero while the generic condition says available and serialised. Original cells and related returns provide no tag, serial, unit identity or positive quantity. Retained zero; the separate Human ear model (1) stays."
team-14/Bududa/Nakatsi-Seed-Secondary-School/Asset-Verification-Toolkit.docx,Table 11 row 28,Mortar and pestle (0),0,zero_count_omitted,"Source count conflict: the item explicitly records zero while the generic condition says available and serialised. Original cells and related returns provide no tag, serial, unit identity or positive quantity. Retained zero; the separate Human ear model (1) stays."
team-05/Lira/Onywako-HC-III/Onywako HC IIII_ASSET VERIFICATION AND RECORDING TOOL KIT.docx,Table 6 row 142,"Suction Apparatus, (Electric) 01",1,recovered,A separate original table row contains this asset name and its explicit quantity.
team-05/Lira/Onywako-HC-III/Onywako HC IIII_ASSET VERIFICATION AND RECORDING TOOL KIT.docx,Table 6 row 144,"Nebulizer, Ultrasonic 01",1,recovered,A separate original table row contains this asset name and its explicit quantity.
team-05/Lira/Onywako-HC-III/Onywako HC IIII_ASSET VERIFICATION AND RECORDING TOOL KIT.docx,Table 6 row 222,"Instrument set, ENT Basic for HCIII 01",1,recovered,A separate original table row contains this asset name and its explicit quantity.
team-05/Oyam/Iceme-HC-III/Icheme HC IIII_ASSET VERIFICATION AND RECORDING TOOL KIT.docx,Table 6 row 202,"Haemoglobin Meter, Sahli 02",2,recovered,A separate original table row contains this asset name and its explicit quantity.
team-05/Oyam/Iceme-HC-III/Icheme HC IIII_ASSET VERIFICATION AND RECORDING TOOL KIT.docx,Table 6 row 222,"Instrument set, ENT Basic for HCIII 01",1,recovered,A separate original table row contains this asset name and its explicit quantity.
team-06/Amolatar/Biko-HC-III/BIKO HCIII.docx,Table 6 row 79,"Weighing Scale, Toddler 1",1,recovered,A separate original table row contains this asset name and its explicit quantity.
team-06/Amolatar/Etam-Seed-Secondary-School/AKALI HC III & ETAM SEED SCHOOL.docx,Table 6 row 83,Audio Visual Equipment (1),1,recovered,A separate original table row contains this asset name and its explicit quantity.
team-06/Amolatar/Etam-Seed-Secondary-School/AKALI HC III & ETAM SEED SCHOOL.docx,Table 6 row 200,Radiant Infant Warmer (2),2,recovered,A separate original table row contains this asset name and its explicit quantity.
team-06/Amolatar/Muntu-Seed-Secondary-School/AGANGA HC III & MUNTU Seed School.docx,Table 13 row 17,Latrines 2,2,recovered,A separate original table row contains this asset name and its explicit quantity.
team-07/Dokolo/Anyacoto-HC-III/ANYACOTO HEALTH CENTER III.docx,Table 6 row 259,Residential Buildings (2),2,recovered,A separate original table row contains this asset name and its explicit quantity.
team-07/Dokolo/Te-Tugu-HC-III/TE-TUGU HC III ..docx,Table 11 row 10,BOOK SHELVES 19,19,recovered,A separate original table row contains this asset name and its explicit quantity.
team-08/Katakwi/Koritok-HC-III/KORITOK HC III AND PALAM SEED SS ASSET VERIFICATION AND RECORDING TOOL KIT 222-1.docx,Table 12 row 2,Monitors 29,29,recovered,A separate original table row contains this asset name and its explicit quantity.
team-08/Katakwi/Koritok-HC-III/KORITOK HC III AND PALAM SEED SS ASSET VERIFICATION AND RECORDING TOOL KIT 222-1.docx,Table 12 row 3,CPU’s 29,29,recovered,A separate original table row contains this asset name and its explicit quantity.
team-08/Serere/Aarapoo-HC-III/AARAPOO HC III and OLIO SEED  ASSET VERIFICATION AND RECORDING TOOL KIT 222.docx,Table 12 row 2,Monitors 21,21,recovered,A separate original table row contains this asset name and its explicit quantity.
team-08/Serere/Kagwara-HC-III/kagwara HC III and school-2.docx,Table 12 row 2,Monitors 18,18,recovered,A separate original table row contains this asset name and its explicit quantity.
team-08/Serere/Kagwara-HC-III/kagwara HC III and school-2.docx,Table 12 row 3,Cpus 09,9,recovered,A separate original table row contains this asset name and its explicit quantity.
team-08/Serere/Kagwara-HC-III/kagwara HC III and school-2.docx,Table 12 row 46,Monitors 08,8,recovered,A separate original table row contains this asset name and its explicit quantity.
team-08/Serere/Kagwara-HC-III/kagwara HC III and school-2.docx,Table 12 row 47,CPUs 08,8,recovered,A separate original table row contains this asset name and its explicit quantity.
team-08/Soroti/Asuret-Seed-Secondary-School/ASURET SEED SS ASSET VERIFICATION AND RECORDING TOOL KIT 222.docx,Table 12 row 2,Desktop computers 29,29,recovered,A separate original table row contains this asset name and its explicit quantity.
team-09/Bukedea/Nalugai-HC-III/NALUGAI HC III.docx,Table 6 row 22,Drip Stand (09),9,recovered,A separate original table row contains this asset name and its explicit quantity.
team-09/Bukedea/Nalugai-HC-III/NALUGAI HC III.docx,Table 6 row 71,Stretcher (01),1,recovered,A separate original table row contains this asset name and its explicit quantity.
team-09/Bukedea/Nalugai-HC-III/NALUGAI HC III.docx,Table 6 row 73,"Stove, Gas (02)",2,recovered,A separate original table row contains this asset name and its explicit quantity.
team-09/Bukedea/Nalugai-HC-III/NALUGAI HC III.docx,Table 6 row 195,Kangaroo Mother Care Chair (01),1,recovered,A separate original table row contains this asset name and its explicit quantity.
team-09/Bukedea/Tajar-HC-III/TAJAR HEALTH CENTRE III.docx,Table 6 row 22,Drip Stand (09),9,recovered,A separate original table row contains this asset name and its explicit quantity.
team-09/Bukedea/Tajar-HC-III/TAJAR HEALTH CENTRE III.docx,Table 6 row 31,ESR Stand (01),1,recovered,A separate original table row contains this asset name and its explicit quantity.
team-09/Bukedea/Tajar-HC-III/TAJAR HEALTH CENTRE III.docx,Table 6 row 69,Stop Watch (01),1,recovered,A separate original table row contains this asset name and its explicit quantity.
team-09/Bukedea/Tajar-HC-III/TAJAR HEALTH CENTRE III.docx,Table 6 row 71,Stretcher (02),2,recovered,A separate original table row contains this asset name and its explicit quantity.
team-09/Bukedea/Tajar-HC-III/TAJAR HEALTH CENTRE III.docx,Table 6 row 73,"Stove, Gas (02)",2,recovered,A separate original table row contains this asset name and its explicit quantity.
team-09/Bukedea/Tajar-HC-III/TAJAR HEALTH CENTRE III.docx,Table 6 row 83,Audio Visual Equipment (01),1,recovered,A separate original table row contains this asset name and its explicit quantity.
team-09/Bukedea/Tajar-HC-III/TAJAR HEALTH CENTRE III.docx,Table 6 row 108,"Pulse Oximeter, Hand held (02)",2,recovered,A separate original table row contains this asset name and its explicit quantity.
team-09/Bukedea/Tajar-HC-III/TAJAR HEALTH CENTRE III.docx,Table 6 row 111,"Bed, Adult Patient with Mattress (04)",4,recovered,A separate original table row contains this asset name and its explicit quantity.
team-09/Bukedea/Tajar-HC-III/TAJAR HEALTH CENTRE III.docx,Table 6 row 129,"Cupboard, Instrument (01)",1,recovered,A separate original table row contains this asset name and its explicit quantity.
team-09/Butebo/Kanyumu-HC-III/KANYUMU HEALTH CENTRE III.docx,Table 6 row 5,B.P. Machine (Aneroid wall mounted) (02),2,recovered,A separate original table row contains this asset name and its explicit quantity.
team-09/Butebo/Kanyumu-HC-III/KANYUMU HEALTH CENTRE III.docx,Table 6 row 16,Counting chamber Neubauer- Improved (02),2,recovered,A separate original table row contains this asset name and its explicit quantity.
team-10/Napak/Lopei-Seed-Secondary-School/Asset-Verification-Toolkit.docx,Table 12 row 3,Battery (1),1,recovered,A separate original table row contains this asset name and its explicit quantity.
team-10/Napak/Lopei-Seed-Secondary-School/Asset-Verification-Toolkit.docx,Table 13 row 12,Staff toilet block (1),1,recovered,A separate original table row contains this asset name and its explicit quantity.
team-10/Napak/Napak-Seed-Secondary-School/Asset-Verification-Toolkit.docx,Table 11 row 2,Ammeter (0-30A) (7),7,recovered,A separate original table row contains this asset name and its explicit quantity.
team-10/Napak/Napak-Seed-Secondary-School/Asset-Verification-Toolkit.docx,Table 11 row 3,Ammeter (0-10A) dual (5),5,recovered,A separate original table row contains this asset name and its explicit quantity.
team-10/Napak/Napak-Seed-Secondary-School/Asset-Verification-Toolkit.docx,Table 11 row 4,Ammeter (0-10A and 0-50A) dual (1),1,recovered,A separate original table row contains this asset name and its explicit quantity.
team-10/Napak/Napak-Seed-Secondary-School/Asset-Verification-Toolkit.docx,Table 11 row 5,Beakers 250ml plastic (10),10,recovered,A separate original table row contains this asset name and its explicit quantity.
team-10/Napak/Napak-Seed-Secondary-School/Asset-Verification-Toolkit.docx,Table 11 row 6,Beakers 500ml plastic (10),10,recovered,A separate original table row contains this asset name and its explicit quantity.
team-10/Napak/Napak-Seed-Secondary-School/Asset-Verification-Toolkit.docx,Table 11 row 7,Beakers 250ml glass (10),10,recovered,A separate original table row contains this asset name and its explicit quantity.
team-10/Napak/Napak-Seed-Secondary-School/Asset-Verification-Toolkit.docx,Table 11 row 8,Beakers 1000ml glass (3),3,recovered,A separate original table row contains this asset name and its explicit quantity.
team-10/Napak/Napak-Seed-Secondary-School/Asset-Verification-Toolkit.docx,Table 11 row 9,Beakers 500ml glass (5),5,recovered,A separate original table row contains this asset name and its explicit quantity.
team-10/Napak/Napak-Seed-Secondary-School/Asset-Verification-Toolkit.docx,Table 11 row 10,Beakers 100ml glass (20),20,recovered,A separate original table row contains this asset name and its explicit quantity.
team-10/Napak/Napak-Seed-Secondary-School/Asset-Verification-Toolkit.docx,Table 11 row 11,Boiling tube (180),180,recovered,A separate original table row contains this asset name and its explicit quantity.
team-10/Napak/Napak-Seed-Secondary-School/Asset-Verification-Toolkit.docx,Table 11 row 12,Bunsen burner (10),10,recovered,A separate original table row contains this asset name and its explicit quantity.
team-10/Napak/Napak-Seed-Secondary-School/Asset-Verification-Toolkit.docx,Table 11 row 13,Bulbs electric (20),20,recovered,A separate original table row contains this asset name and its explicit quantity.
team-10/Napak/Napak-Seed-Secondary-School/Asset-Verification-Toolkit.docx,Table 11 row 14,Burette 50ml with rack (10),10,recovered,A separate original table row contains this asset name and its explicit quantity.
team-10/Napak/Napak-Seed-Secondary-School/Asset-Verification-Toolkit.docx,Table 11 row 15,Burette brushes (10),10,recovered,A separate original table row contains this asset name and its explicit quantity.
team-10/Napak/Napak-Seed-Secondary-School/Asset-Verification-Toolkit.docx,Table 11 row 16,Concave mirror focal length 15cm DIA 50mm (12),12,recovered,A separate original table row contains this asset name and its explicit quantity.
team-10/Napak/Napak-Seed-Secondary-School/Asset-Verification-Toolkit.docx,Table 11 row 17,Cell holder single (4),4,recovered,A separate original table row contains this asset name and its explicit quantity.
team-10/Napak/Napak-Seed-Secondary-School/Asset-Verification-Toolkit.docx,Table 11 row 18,Cell holder double (10),10,recovered,A separate original table row contains this asset name and its explicit quantity.
team-10/Napak/Napak-Seed-Secondary-School/Asset-Verification-Toolkit.docx,Table 11 row 19,Convex mirror focal length (3),3,recovered,A separate original table row contains this asset name and its explicit quantity.
team-10/Napak/Napak-Seed-Secondary-School/Asset-Verification-Toolkit.docx,Table 11 row 20,Stoppers plastic (10),10,recovered,A separate original table row contains this asset name and its explicit quantity.
team-10/Napak/Napak-Seed-Secondary-School/Asset-Verification-Toolkit.docx,Table 11 row 21,Stoppers glass with teat (10),10,recovered,A separate original table row contains this asset name and its explicit quantity.
team-10/Napak/Napak-Seed-Secondary-School/Asset-Verification-Toolkit.docx,Table 11 row 22,Concave lens 15cm DIA 50mm (10),10,recovered,A separate original table row contains this asset name and its explicit quantity.
team-10/Napak/Napak-Seed-Secondary-School/Asset-Verification-Toolkit.docx,Table 11 row 24,Convex lens focal length 15cm DIA 60mm (8),8,recovered,A separate original table row contains this asset name and its explicit quantity.
team-10/Napak/Napak-Seed-Secondary-School/Asset-Verification-Toolkit.docx,Table 11 row 25,Clamps 3-finger (4),4,recovered,A separate original table row contains this asset name and its explicit quantity.
team-10/Napak/Napak-Seed-Secondary-School/Asset-Verification-Toolkit.docx,Table 11 row 26,Cork borer set of 6,1,recovered,"The independently named source asset 'Cork borer set of 6' is one kit/set; its number describes the contents, not multiple kits or sets. Original wording is retained in the description."
team-10/Napak/Napak-Seed-Secondary-School/Asset-Verification-Toolkit.docx,Table 11 row 28,Crucibles (4),4,recovered,A separate original table row contains this asset name and its explicit quantity.
team-10/Napak/Napak-Seed-Secondary-School/Asset-Verification-Toolkit.docx,Table 11 row 30,Crocodile clips (4),4,recovered,A separate original table row contains this asset name and its explicit quantity.
team-10/Napak/Napak-Seed-Secondary-School/Asset-Verification-Toolkit.docx,Table 11 row 32,Dissecting kit (14 pieces),1,recovered,"The independently named source asset 'Dissecting kit (14 pieces)' is one kit/set; its number describes the contents, not multiple kits or sets. Original wording is retained in the description."
team-10/Napak/Napak-Seed-Secondary-School/Asset-Verification-Toolkit.docx,Table 11 row 34,Digital stop watch (5),5,recovered,A separate original table row contains this asset name and its explicit quantity.
team-10/Napak/Napak-Seed-Secondary-School/Asset-Verification-Toolkit.docx,Table 11 row 36,Dropper glass with teat (10),10,recovered,A separate original table row contains this asset name and its explicit quantity.
team-10/Napak/Napak-Seed-Secondary-School/Asset-Verification-Toolkit.docx,Table 11 row 37,Evaporating basin 100ml (5),5,recovered,A separate original table row contains this asset name and its explicit quantity.
team-10/Napak/Napak-Seed-Secondary-School/Asset-Verification-Toolkit.docx,Table 11 row 40,Filter funnel 75ml plastic (10),10,recovered,A separate original table row contains this asset name and its explicit quantity.
team-10/Napak/Napak-Seed-Secondary-School/Asset-Verification-Toolkit.docx,Table 11 row 41,Filter funnel 75ml glass (10),10,recovered,A separate original table row contains this asset name and its explicit quantity.
team-10/Napak/Napak-Seed-Secondary-School/Asset-Verification-Toolkit.docx,Table 11 row 43,Gas tap T-junction (5),5,recovered,A separate original table row contains this asset name and its explicit quantity.
team-10/Napak/Napak-Seed-Secondary-School/Asset-Verification-Toolkit.docx,Table 11 row 44,Gas tap Y-junction (5),5,recovered,A separate original table row contains this asset name and its explicit quantity.
team-10/Napak/Napak-Seed-Secondary-School/Asset-Verification-Toolkit.docx,Table 11 row 46,Glass blocks rectangular 1x6x2cm (10),10,recovered,A separate original table row contains this asset name and its explicit quantity.
team-10/Napak/Napak-Seed-Secondary-School/Asset-Verification-Toolkit.docx,Table 11 row 47,Half meter ruler pinewood (20),20,recovered,A separate original table row contains this asset name and its explicit quantity.
team-10/Napak/Napak-Seed-Secondary-School/Asset-Verification-Toolkit.docx,Table 11 row 49,Model Human nervous system (1),1,recovered,A separate original table row contains this asset name and its explicit quantity.
team-10/Napak/Napak-Seed-Secondary-School/Asset-Verification-Toolkit.docx,Table 11 row 50,Model Human teeth (1),1,recovered,A separate original table row contains this asset name and its explicit quantity.
team-10/Napak/Napak-Seed-Secondary-School/Asset-Verification-Toolkit.docx,Table 11 row 51,Model Human heart (1),1,recovered,A separate original table row contains this asset name and its explicit quantity.
team-10/Napak/Napak-Seed-Secondary-School/Asset-Verification-Toolkit.docx,Table 11 row 52,Model Human ear (1),1,recovered,A separate original table row contains this asset name and its explicit quantity.
team-10/Napak/Napak-Seed-Secondary-School/Asset-Verification-Toolkit.docx,Table 11 row 53,Model Human skeleton with stand (1),1,recovered,A separate original table row contains this asset name and its explicit quantity.
team-10/Napak/Napak-Seed-Secondary-School/Asset-Verification-Toolkit.docx,Table 11 row 54,Model Human torso (1),1,recovered,A separate original table row contains this asset name and its explicit quantity.
team-10/Napak/Napak-Seed-Secondary-School/Asset-Verification-Toolkit.docx,Table 11 row 55,Model Human digestive system (1),1,recovered,A separate original table row contains this asset name and its explicit quantity.
team-10/Napak/Napak-Seed-Secondary-School/Asset-Verification-Toolkit.docx,Table 11 row 57,Human ear chart (1),1,recovered,A separate original table row contains this asset name and its explicit quantity.
team-10/Napak/Napak-Seed-Secondary-School/Asset-Verification-Toolkit.docx,Table 11 row 58,Human female reproductive system chart (1),1,recovered,A separate original table row contains this asset name and its explicit quantity.
team-10/Napak/Napak-Seed-Secondary-School/Asset-Verification-Toolkit.docx,Table 11 row 59,Human male reproductive system chart (1),1,recovered,A separate original table row contains this asset name and its explicit quantity.
team-10/Napak/Napak-Seed-Secondary-School/Asset-Verification-Toolkit.docx,Table 11 row 60,Magnet bar 50mm (10),10,recovered,A separate original table row contains this asset name and its explicit quantity.
team-10/Napak/Napak-Seed-Secondary-School/Asset-Verification-Toolkit.docx,Table 11 row 61,Measuring cylinder 1000ml plastic (2),2,recovered,A separate original table row contains this asset name and its explicit quantity.
team-10/Napak/Napak-Seed-Secondary-School/Asset-Verification-Toolkit.docx,Table 11 row 62,Measuring cylinder 500ml plastic (5),5,recovered,A separate original table row contains this asset name and its explicit quantity.
team-10/Napak/Napak-Seed-Secondary-School/Asset-Verification-Toolkit.docx,Table 11 row 63,Measuring cylinder 250ml plastic (4),4,recovered,A separate original table row contains this asset name and its explicit quantity.
team-10/Napak/Napak-Seed-Secondary-School/Asset-Verification-Toolkit.docx,Table 11 row 64,Measuring cylinder 10ml plastic (5),5,recovered,A separate original table row contains this asset name and its explicit quantity.
team-10/Napak/Napak-Seed-Secondary-School/Asset-Verification-Toolkit.docx,Table 11 row 65,Measuring cylinder 1000ml glass (2),2,recovered,A separate original table row contains this asset name and its explicit quantity.
team-10/Napak/Napak-Seed-Secondary-School/Asset-Verification-Toolkit.docx,Table 11 row 66,Measuring cylinder 250ml glass (2),2,recovered,A separate original table row contains this asset name and its explicit quantity.
team-10/Napak/Napak-Seed-Secondary-School/Asset-Verification-Toolkit.docx,Table 11 row 67,Measuring cylinder 100ml glass (10),10,recovered,A separate original table row contains this asset name and its explicit quantity.
team-10/Napak/Napak-Seed-Secondary-School/Asset-Verification-Toolkit.docx,Table 11 row 68,Measuring cylinder 10ml glass (10),10,recovered,A separate original table row contains this asset name and its explicit quantity.
team-10/Napak/Napak-Seed-Secondary-School/Asset-Verification-Toolkit.docx,Table 11 row 69,Meter bridge (2),2,recovered,A separate original table row contains this asset name and its explicit quantity.
team-10/Napak/Napak-Seed-Secondary-School/Asset-Verification-Toolkit.docx,Table 11 row 70,Meter ruler pinewood (20),20,recovered,A separate original table row contains this asset name and its explicit quantity.
team-10/Napak/Napak-Seed-Secondary-School/Asset-Verification-Toolkit.docx,Table 11 row 126,Classroom benches (120),120,recovered,A separate original table row contains this asset name and its explicit quantity.
team-10/Napak/Napak-Seed-Secondary-School/Asset-Verification-Toolkit.docx,Table 11 row 127,Classroom tables (6),6,recovered,A separate original table row contains this asset name and its explicit quantity.
team-10/Napak/Napak-Seed-Secondary-School/Asset-Verification-Toolkit.docx,Table 11 row 128,Classroom chairs (6),6,recovered,A separate original table row contains this asset name and its explicit quantity.
team-10/Napak/Napak-Seed-Secondary-School/Asset-Verification-Toolkit.docx,Table 11 row 129,Admin staffroom tables (6),6,recovered,A separate original table row contains this asset name and its explicit quantity.
team-10/Napak/Napak-Seed-Secondary-School/Asset-Verification-Toolkit.docx,Table 11 row 130,Admin chairs (24),24,recovered,A separate original table row contains this asset name and its explicit quantity.
team-10/Napak/Napak-Seed-Secondary-School/Asset-Verification-Toolkit.docx,Table 11 row 131,Admin desk with one lockable drawer (3),3,recovered,A separate original table row contains this asset name and its explicit quantity.
team-10/Napak/Napak-Seed-Secondary-School/Asset-Verification-Toolkit.docx,Table 11 row 132,Admin office chair with cushions (12),12,recovered,A separate original table row contains this asset name and its explicit quantity.
team-10/Napak/Napak-Seed-Secondary-School/Asset-Verification-Toolkit.docx,Table 11 row 133,Admin lockable shelves (15),15,recovered,A separate original table row contains this asset name and its explicit quantity.
team-10/Napak/Napak-Seed-Secondary-School/Asset-Verification-Toolkit.docx,Table 11 row 134,ICT/Library tables (42),42,recovered,A separate original table row contains this asset name and its explicit quantity.
team-10/Napak/Napak-Seed-Secondary-School/Asset-Verification-Toolkit.docx,Table 11 row 135,ICT/Lib chairs (90),90,recovered,A separate original table row contains this asset name and its explicit quantity.
team-10/Napak/Napak-Seed-Secondary-School/Asset-Verification-Toolkit.docx,Table 11 row 136,ICT/Lib office chairs (8),8,recovered,A separate original table row contains this asset name and its explicit quantity.
team-10/Napak/Napak-Seed-Secondary-School/Asset-Verification-Toolkit.docx,Table 11 row 137,ICT/Lib office desk (21),21,recovered,A separate original table row contains this asset name and its explicit quantity.
team-10/Napak/Napak-Seed-Secondary-School/Asset-Verification-Toolkit.docx,Table 11 row 138,ICT/Lib wooden shelves (10),10,recovered,A separate original table row contains this asset name and its explicit quantity.
team-10/Napak/Napak-Seed-Secondary-School/Asset-Verification-Toolkit.docx,Table 11 row 139,Multipurpose hall stools (96),96,recovered,A separate original table row contains this asset name and its explicit quantity.
team-10/Napak/Napak-Seed-Secondary-School/Asset-Verification-Toolkit.docx,Table 11 row 140,Multipurpose hall table (24),24,recovered,A separate original table row contains this asset name and its explicit quantity.
team-10/Napak/Napak-Seed-Secondary-School/Asset-Verification-Toolkit.docx,Table 11 row 142,Multipurpose hall chairs (180),180,recovered,A separate original table row contains this asset name and its explicit quantity.
team-10/Napak/Napak-Seed-Secondary-School/Asset-Verification-Toolkit.docx,Table 11 row 143,2-unit science laboratory chairs (24),24,recovered,A separate original table row contains this asset name and its explicit quantity.
team-10/Napak/Napak-Seed-Secondary-School/Asset-Verification-Toolkit.docx,Table 11 row 144,2-unit science teacher's chairs (2),2,recovered,A separate original table row contains this asset name and its explicit quantity.
team-10/Napak/Napak-Seed-Secondary-School/Asset-Verification-Toolkit.docx,Table 12 row 17,AC (4),4,recovered,A separate original table row contains this asset name and its explicit quantity.
team-10/Napak/Napak-Seed-Secondary-School/Asset-Verification-Toolkit.docx,Table 12 row 18,Network cabinet (2),2,recovered,A separate original table row contains this asset name and its explicit quantity.
team-10/Napak/Napak-Seed-Secondary-School/Asset-Verification-Toolkit.docx,Table 12 row 19,Router (1),1,recovered,A separate original table row contains this asset name and its explicit quantity.
team-10/Napak/Napak-Seed-Secondary-School/Asset-Verification-Toolkit.docx,Table 12 row 23,CCTV cameras (4),4,recovered,A separate original table row contains this asset name and its explicit quantity.
team-10/Napak/Napak-Seed-Secondary-School/Asset-Verification-Toolkit.docx,Table 13 row 2,Admin block (1),1,recovered,A separate original table row contains this asset name and its explicit quantity.
team-10/Napak/Napak-Seed-Secondary-School/Asset-Verification-Toolkit.docx,Table 13 row 6,ICT (1),1,recovered,A separate original table row contains this asset name and its explicit quantity.
team-10/Napak/Napak-Seed-Secondary-School/Asset-Verification-Toolkit.docx,Table 13 row 7,Main hall (1),1,recovered,A separate original table row contains this asset name and its explicit quantity.
team-10/Napak/Napak-Seed-Secondary-School/Asset-Verification-Toolkit.docx,Table 13 row 8,Staff houses (3),3,recovered,A separate original table row contains this asset name and its explicit quantity.
team-10/Napak/Napak-Seed-Secondary-School/Asset-Verification-Toolkit.docx,Table 13 row 9,Pit latrines (18),18,recovered,A separate original table row contains this asset name and its explicit quantity.
team-10/Napak/Napak-Seed-Secondary-School/Asset-Verification-Toolkit.docx,Table 13 row 10,Field (1),1,recovered,A separate original table row contains this asset name and its explicit quantity.
team-12/Butaleja/Mazimasa-HC-III/Asset-Verification-Toolkit.docx,Table 6 row 46,Height Meter (1),1,recovered,A separate original table row contains this asset name and its explicit quantity.
team-12/Butaleja/Mazimasa-HC-III/Asset-Verification-Toolkit.docx,Table 6 row 194,Bubble CPAP (2),2,recovered,A separate original table row contains this asset name and its explicit quantity.
team-13/Busia/Buwumba-HC-III/Asset-Verification-Toolkit.docx,Table 6 row 109,"Instrument Set, Suture (1)",1,recovered,A separate original table row contains this asset name and its explicit quantity.
team-14/Bududa/Bumusi-HC-III/Asset-Verification-Toolkit.docx,Table 6 row 259,Residential Buildings (2),2,recovered,A separate original table row contains this asset name and its explicit quantity.
team-14/Bulambuli/Bulaago-HC-III/Asset-Verification-Toolkit.docx,Table 6 row 107,"Instrument Set, Basic ENT (1)",1,recovered,A separate original table row contains this asset name and its explicit quantity.
team-14/Bulambuli/Bulaago-HC-III/Asset-Verification-Toolkit.docx,Table 6 row 244,Placenta pit (1),1,recovered,A separate original table row contains this asset name and its explicit quantity.
team-20/Buhweju/Mushasha-HC-III/MUSHASHA HC 3.docx,Table 11 row 8,Tables 06,6,recovered,A separate original table row contains this asset name and its explicit quantity.
team-26/Bundibugyo/Busanga-HC-III/BUSANGA HEALTH CENTRE III - ASSET VERIFICATION AND RECORDING TOOL KIT.docx,Table 6 row 5,B.P. Machine (Aneroid wall mounted) (2),2,recovered,A separate original table row contains this asset name and its explicit quantity.
team-26/Bundibugyo/Busanga-HC-III/BUSANGA HEALTH CENTRE III - ASSET VERIFICATION AND RECORDING TOOL KIT.docx,Table 6 row 11,"Bowl, Kick (1)",1,recovered,A separate original table row contains this asset name and its explicit quantity.
team-26/Bundibugyo/Busanga-HC-III/BUSANGA HEALTH CENTRE III - ASSET VERIFICATION AND RECORDING TOOL KIT.docx,Table 6 row 13,Bowl Stand (03),3,recovered,A separate original table row contains this asset name and its explicit quantity.
team-26/Bundibugyo/Busanga-HC-III/BUSANGA HEALTH CENTRE III - ASSET VERIFICATION AND RECORDING TOOL KIT.docx,Table 6 row 37,"Examination light,LED (3)",3,recovered,A separate original table row contains this asset name and its explicit quantity.
team-26/Bundibugyo/Busanga-HC-III/BUSANGA HEALTH CENTRE III - ASSET VERIFICATION AND RECORDING TOOL KIT.docx,Table 6 row 91,Wall Clock (4),4,recovered,A separate original table row contains this asset name and its explicit quantity.
team-26/Bundibugyo/Busanga-HC-III/BUSANGA HEALTH CENTRE III - ASSET VERIFICATION AND RECORDING TOOL KIT.docx,Table 6 row 95,Diagnostic Equipment Set for MCH (1),1,recovered,A separate original table row contains this asset name and its explicit quantity.
team-26/Bundibugyo/Busanga-HC-III/BUSANGA HEALTH CENTRE III - ASSET VERIFICATION AND RECORDING TOOL KIT.docx,Table 6 row 101,"Glassware Set, Laboratory, Basic (1)",1,recovered,A separate original table row contains this asset name and its explicit quantity.
team-26/Bundibugyo/Busanga-HC-III/BUSANGA HEALTH CENTRE III - ASSET VERIFICATION AND RECORDING TOOL KIT.docx,Table 6 row 103,"Hollow Ware Set, Treatment (2)",2,recovered,A separate original table row contains this asset name and its explicit quantity.
team-26/Bundibugyo/Busanga-HC-III/BUSANGA HEALTH CENTRE III - ASSET VERIFICATION AND RECORDING TOOL KIT.docx,Table 6 row 109,"Instrument Set, Suture (1)",1,recovered,A separate original table row contains this asset name and its explicit quantity.
team-26/Bundibugyo/Busanga-HC-III/BUSANGA HEALTH CENTRE III - ASSET VERIFICATION AND RECORDING TOOL KIT.docx,Table 6 row 135,"Resuscitator Manual, Infant, with all Mask sizes (1)",1,recovered,A separate original table row contains this asset name and its explicit quantity.
team-26/Bundibugyo/Busanga-HC-III/BUSANGA HEALTH CENTRE III - ASSET VERIFICATION AND RECORDING TOOL KIT.docx,Table 6 row 137,"Resuscitator Manual, Adult, with all mask sizes (1)",1,recovered,A separate original table row contains this asset name and its explicit quantity.
team-26/Bundibugyo/Busanga-HC-III/BUSANGA HEALTH CENTRE III - ASSET VERIFICATION AND RECORDING TOOL KIT.docx,Table 6 row 164,Diagnostic Equipment Set for Ward (1),1,recovered,A separate original table row contains this asset name and its explicit quantity.
team-26/Bundibugyo/Busanga-HC-III/BUSANGA HEALTH CENTRE III - ASSET VERIFICATION AND RECORDING TOOL KIT.docx,Table 6 row 167,"Hollow Ware Set, Ward (2)",2,recovered,A separate original table row contains this asset name and its explicit quantity.
team-26/Bundibugyo/Busanga-HC-III/BUSANGA HEALTH CENTRE III - ASSET VERIFICATION AND RECORDING TOOL KIT.docx,Table 6 row 191,Bubble CPAP (1),1,recovered,A separate original table row contains this asset name and its explicit quantity.
team-26/Bundibugyo/Tombwe-HC-III/TOMBWE HEALTH CENTRE III - ASSET VERIFICATION AND RECORDING TOOL KIT.docx,Table 6 row 5,B.P. Machine (Aneroid wall mounted) (2),2,recovered,A separate original table row contains this asset name and its explicit quantity.
team-26/Bundibugyo/Tombwe-HC-III/TOMBWE HEALTH CENTRE III - ASSET VERIFICATION AND RECORDING TOOL KIT.docx,Table 6 row 11,"Bowl, Kick (1)",1,recovered,A separate original table row contains this asset name and its explicit quantity.
team-26/Bundibugyo/Tombwe-HC-III/TOMBWE HEALTH CENTRE III - ASSET VERIFICATION AND RECORDING TOOL KIT.docx,Table 6 row 13,Bowl Stand (03),3,recovered,A separate original table row contains this asset name and its explicit quantity.
team-26/Bundibugyo/Tombwe-HC-III/TOMBWE HEALTH CENTRE III - ASSET VERIFICATION AND RECORDING TOOL KIT.docx,Table 6 row 109,"Instrument Set, Suture (1)",1,recovered,A separate original table row contains this asset name and its explicit quantity.
team-26/Bundibugyo/Tombwe-HC-III/TOMBWE HEALTH CENTRE III - ASSET VERIFICATION AND RECORDING TOOL KIT.docx,Table 6 row 194,Bubble CPAP (1),1,recovered,A separate original table row contains this asset name and its explicit quantity.
team-26/Kabarole/Kichwamba-HC-III/KICHWAMBA HEALTH CENTRE III - ASSET VERIFICATION AND RECORDING TOOL KIT.docx,Table 6 row 128,"Resuscitator Manual, Infant, with all Mask sizes (1)",1,recovered,A separate original table row contains this asset name and its explicit quantity.
team-26/Kabarole/Kichwamba-HC-III/KICHWAMBA HEALTH CENTRE III - ASSET VERIFICATION AND RECORDING TOOL KIT.docx,Table 6 row 130,"Resuscitator Manual, Adult, with all mask sizes (1)",1,recovered,A separate original table row contains this asset name and its explicit quantity.
team-26/Kabarole/Kichwamba-HC-III/KICHWAMBA HEALTH CENTRE III - ASSET VERIFICATION AND RECORDING TOOL KIT.docx,Table 6 row 191,"Haemoglobin Meter, Sahli (1)",1,recovered,A separate original table row contains this asset name and its explicit quantity.
team-26/Kabarole/Nyantabooma-HC-III/NYANTABOMA HEALTH CENTRE III  - ASSET VERIFICATION AND RECORDING TOOL KIT.docx,Table 6 row 58,"Refrigerator, Basic (1)",1,recovered,A separate original table row contains this asset name and its explicit quantity.
team-26/Kabarole/Nyantabooma-HC-III/NYANTABOMA HEALTH CENTRE III  - ASSET VERIFICATION AND RECORDING TOOL KIT.docx,Table 6 row 104,"Instrument Set, Suture (1)",1,recovered,A separate original table row contains this asset name and its explicit quantity.
team-26/Kabarole/Nyantabooma-HC-III/NYANTABOMA HEALTH CENTRE III  - ASSET VERIFICATION AND RECORDING TOOL KIT.docx,Table 6 row 131,"Resuscitator Manual, Adult, with all mask sizes (1)",1,recovered,A separate original table row contains this asset name and its explicit quantity.
team-26/Kabarole/Nyantabooma-HC-III/NYANTABOMA HEALTH CENTRE III  - ASSET VERIFICATION AND RECORDING TOOL KIT.docx,Table 6 row 133,"Suction Apparatus, (Electric) (2)",2,recovered,A separate original table row contains this asset name and its explicit quantity.
team-26/Kabarole/Nyantabooma-HC-III/NYANTABOMA HEALTH CENTRE III  - ASSET VERIFICATION AND RECORDING TOOL KIT.docx,Table 6 row 192,"Haemoglobin Meter, Sahli (1)",1,recovered,A separate original table row contains this asset name and its explicit quantity.
team-32/Gomba/Bulwadda-HC-III/Bulwadda  health center III.docx,Table 6 row 20,Patient Trolley(01),1,recovered,A separate original table row contains this asset name and its explicit quantity.
team-32/Gomba/Bulwadda-HC-III/Bulwadda  health center III.docx,Table 6 row 32,Wall Clock (01),1,recovered,A separate original table row contains this asset name and its explicit quantity.
team-32/Gomba/Bulwadda-HC-III/Bulwadda  health center III.docx,Table 6 row 44,"Cupboard, Instrument(01)",1,recovered,A separate original table row contains this asset name and its explicit quantity.
team-32/Gomba/Bulwadda-HC-III/Bulwadda  health center III.docx,Table 6 row 71,"Bag Valve mask (Ambu Bag), Neonatal (04)",4,recovered,A separate original table row contains this asset name and its explicit quantity.
team-32/Gomba/Mamba-HC-III/ASSET VERIFICATION AND RECORDING TOOL KIT 222(MAMBA HC III -GOMBA LOCAL GOVERNMENT).docx,Table 6 row 2,"B.P. Machine, Digital(02)",2,recovered,A separate original table row contains this asset name and its explicit quantity.
team-32/Gomba/Mamba-HC-III/ASSET VERIFICATION AND RECORDING TOOL KIT 222(MAMBA HC III -GOMBA LOCAL GOVERNMENT).docx,Table 6 row 17,Microscope Binocular (01),1,recovered,A separate original table row contains this asset name and its explicit quantity.
team-32/Gomba/Mamba-HC-III/ASSET VERIFICATION AND RECORDING TOOL KIT 222(MAMBA HC III -GOMBA LOCAL GOVERNMENT).docx,Table 6 row 18,Otoscope(01),1,recovered,A separate original table row contains this asset name and its explicit quantity.
team-32/Gomba/Mamba-HC-III/ASSET VERIFICATION AND RECORDING TOOL KIT 222(MAMBA HC III -GOMBA LOCAL GOVERNMENT).docx,Table 6 row 20,Patient Trolley(01),1,recovered,A separate original table row contains this asset name and its explicit quantity.
team-32/Gomba/Mamba-HC-III/ASSET VERIFICATION AND RECORDING TOOL KIT 222(MAMBA HC III -GOMBA LOCAL GOVERNMENT).docx,Table 6 row 26,"Weighing Scale with Height Meter, Adult(02)",2,recovered,A separate original table row contains this asset name and its explicit quantity.
team-32/Gomba/Mamba-HC-III/ASSET VERIFICATION AND RECORDING TOOL KIT 222(MAMBA HC III -GOMBA LOCAL GOVERNMENT).docx,Table 6 row 34,Diagnostic Equipment Set for OPD (02),2,recovered,A separate original table row contains this asset name and its explicit quantity.
team-32/Gomba/Mamba-HC-III/ASSET VERIFICATION AND RECORDING TOOL KIT 222(MAMBA HC III -GOMBA LOCAL GOVERNMENT).docx,Table 6 row 38,"Instrument Set, Basic ENT(03)",3,recovered,A separate original table row contains this asset name and its explicit quantity.
team-32/Gomba/Mamba-HC-III/ASSET VERIFICATION AND RECORDING TOOL KIT 222(MAMBA HC III -GOMBA LOCAL GOVERNMENT).docx,Table 6 row 44,"Cupboard, Instrument(01)",1,recovered,A separate original table row contains this asset name and its explicit quantity.
team-32/Gomba/Mamba-HC-III/ASSET VERIFICATION AND RECORDING TOOL KIT 222(MAMBA HC III -GOMBA LOCAL GOVERNMENT).docx,Table 6 row 45,"Delivery Bed, Hydraulic Manual(01)",1,recovered,A separate original table row contains this asset name and its explicit quantity.
team-32/Gomba/Mamba-HC-III/ASSET VERIFICATION AND RECORDING TOOL KIT 222(MAMBA HC III -GOMBA LOCAL GOVERNMENT).docx,Table 6 row 55,Diagnostic Equipment Set for Ward(03),3,recovered,A separate original table row contains this asset name and its explicit quantity.
team-32/Gomba/Mamba-HC-III/ASSET VERIFICATION AND RECORDING TOOL KIT 222(MAMBA HC III -GOMBA LOCAL GOVERNMENT).docx,Table 6 row 56,"Hollow Ware Set, Ward(03)",3,recovered,A separate original table row contains this asset name and its explicit quantity.
team-32/Gomba/Mamba-HC-III/ASSET VERIFICATION AND RECORDING TOOL KIT 222(MAMBA HC III -GOMBA LOCAL GOVERNMENT).docx,Table 6 row 57,"Instrument Set, Delivery (03)",3,recovered,A separate original table row contains this asset name and its explicit quantity.
team-32/Gomba/Ngomamene-HC-III/ASSET VERIFICATION AND RECORDING TOOL KIT 222 (NGOMAMENE HC  III).docx,Table 6 row 17,Microscope Binocular (01),1,recovered,A separate original table row contains this asset name and its explicit quantity.
team-32/Gomba/Ngomamene-HC-III/ASSET VERIFICATION AND RECORDING TOOL KIT 222 (NGOMAMENE HC  III).docx,Table 6 row 18,Otoscope(01),1,recovered,A separate original table row contains this asset name and its explicit quantity.
team-32/Gomba/Ngomamene-HC-III/ASSET VERIFICATION AND RECORDING TOOL KIT 222 (NGOMAMENE HC  III).docx,Table 6 row 23,Stop Watch(02),2,recovered,A separate original table row contains this asset name and its explicit quantity.
team-32/Gomba/Ngomamene-HC-III/ASSET VERIFICATION AND RECORDING TOOL KIT 222 (NGOMAMENE HC  III).docx,Table 6 row 45,"Delivery Bed, Hydraulic Manual(01)",1,recovered,A separate original table row contains this asset name and its explicit quantity.
team-32/Makindye-Ssabagabo MC/Kibiri-HC-III/ASSET VERIFICATION AND RECORDING TOOL KIT 222(KIBIRI HC III -MAKINDYE SSABAGABO).docx,Table 6 row 7,Counting chamber Neubauer- Improved (2),2,recovered,A separate original table row contains this asset name and its explicit quantity.
team-32/Makindye-Ssabagabo MC/Mutungo-HC-III/MUNTUNGO HEALTH CENTER III(1).docx,Table 6 row 71,"Bag Valve mask (Ambu Bag), Neonatal (04)",4,recovered,A separate original table row contains this asset name and its explicit quantity.
team-32/Wakiso/Kasangati-Mutuba-Nangabo-HC-III/KASANAGAT NGABO HC 111 (1).docx,Table 6 row 14,"Haemoglobin Meter, Digital (1)",1,recovered,A separate original table row contains this asset name and its explicit quantity.
team-32/Wakiso/Kasangati-Mutuba-Nangabo-HC-III/KASANAGAT NGABO HC 111(1).docx,Table 6 row 14,"Haemoglobin Meter, Digital (1)",1,recovered,A separate original table row contains this asset name and its explicit quantity.
team-06/_team-documents/TEAM SIX HOSPITALS DTB1.xlsx,Sheet1 row 516,Kangaroo Mother Care Chair (1),1,mirror_fragment_repaired,"Removed parser-appended fragment 'Radiant Infant Warmer (2)' from this matching return: the raw source cells do not contain it, and team-06/Amolatar/Etam-Seed-Secondary-School/AKALI HC III & ETAM SEED SCHOOL.docx (Table 6 row 198) supplies the independently verified anchor and separate asset row."
team-09/_team-documents/TEAM NINE HOSPITALS EXCELL DTB.xlsx,Sheet1 row 551,"Cupboard Steel, Lockable (06)",6,mirror_fragment_repaired,"Removed parser-appended fragment 'Drip Stand (09)' from this matching return: the raw source cells do not contain it, and team-09/Bukedea/Nalugai-HC-III/NALUGAI HC III.docx (Table 6 row 19) supplies the independently verified anchor and separate asset row."
team-09/_team-documents/TEAM NINE HOSPITALS EXCELL DTB.xlsx,Sheet1 row 598,Stethoscope (08),8,mirror_fragment_repaired,"Removed parser-appended fragment 'Stretcher (01)' from this matching return: the raw source cells do not contain it, and team-09/Bukedea/Nalugai-HC-III/NALUGAI HC III.docx (Table 6 row 65) supplies the independently verified anchor and separate asset row."
team-09/_team-documents/TEAM NINE HOSPITALS EXCELL DTB.xlsx,Sheet1 row 598,Stethoscope (08),8,mirror_fragment_repaired,"Removed parser-appended fragment 'Stove, Gas (02)' from this matching return: the raw source cells do not contain it, and team-09/Bukedea/Nalugai-HC-III/NALUGAI HC III.docx (Table 6 row 65) supplies the independently verified anchor and separate asset row."
team-09/_team-documents/TEAM NINE HOSPITALS EXCELL DTB.xlsx,Sheet1 row 726,Centrifuge (Electric) (01),1,mirror_fragment_repaired,"Removed parser-appended fragment 'Kangaroo Mother Care Chair (01)' from this matching return: the raw source cells do not contain it, and team-09/Bukedea/Nalugai-HC-III/NALUGAI HC III.docx (Table 6 row 193) supplies the independently verified anchor and separate asset row."
team-09/_team-documents/TEAM NINE HOSPITALS EXCELL DTB.xlsx,Sheet1 row 814,"Cupboard Steel, Lockable (06)",6,mirror_fragment_repaired,"Removed parser-appended fragment 'Drip Stand (09)' from this matching return: the raw source cells do not contain it, and team-09/Bukedea/Tajar-HC-III/TAJAR HEALTH CENTRE III.docx (Table 6 row 19) supplies the independently verified anchor and separate asset row."
team-09/_team-documents/TEAM NINE HOSPITALS EXCELL DTB.xlsx,Sheet1 row 814,"Cupboard Steel, Lockable (06)",6,mirror_fragment_repaired,"Removed parser-appended fragment 'ESR Stand (01)' from this matching return: the raw source cells do not contain it, and team-09/Bukedea/Tajar-HC-III/TAJAR HEALTH CENTRE III.docx (Table 6 row 19) supplies the independently verified anchor and separate asset row."
team-09/_team-documents/TEAM NINE HOSPITALS EXCELL DTB.xlsx,Sheet1 row 861,Stethoscope (08),8,mirror_fragment_repaired,"Removed parser-appended fragment 'Stop Watch (01)' from this matching return: the raw source cells do not contain it, and team-09/Bukedea/Tajar-HC-III/TAJAR HEALTH CENTRE III.docx (Table 6 row 65) supplies the independently verified anchor and separate asset row."
team-09/_team-documents/TEAM NINE HOSPITALS EXCELL DTB.xlsx,Sheet1 row 861,Stethoscope (08),8,mirror_fragment_repaired,"Removed parser-appended fragment 'Stretcher (02)' from this matching return: the raw source cells do not contain it, and team-09/Bukedea/Tajar-HC-III/TAJAR HEALTH CENTRE III.docx (Table 6 row 65) supplies the independently verified anchor and separate asset row."
team-09/_team-documents/TEAM NINE HOSPITALS EXCELL DTB.xlsx,Sheet1 row 861,Stethoscope (08),8,mirror_fragment_repaired,"Removed parser-appended fragment 'Stove, Gas (02)' from this matching return: the raw source cells do not contain it, and team-09/Bukedea/Tajar-HC-III/TAJAR HEALTH CENTRE III.docx (Table 6 row 65) supplies the independently verified anchor and separate asset row."
team-09/_team-documents/TEAM NINE HOSPITALS EXCELL DTB.xlsx,Sheet1 row 877,Wheel Chair (01),1,mirror_fragment_repaired,"Removed parser-appended fragment 'Audio Visual Equipment (01)' from this matching return: the raw source cells do not contain it, and team-09/Bukedea/Tajar-HC-III/TAJAR HEALTH CENTRE III.docx (Table 6 row 81) supplies the independently verified anchor and separate asset row."
team-09/_team-documents/TEAM NINE HOSPITALS EXCELL DTB.xlsx,Sheet1 row 902,"Instrument Set, Suture (03)",4,mirror_fragment_repaired,"Removed parser-appended fragment 'Pulse Oximeter, Hand held (02)' from this matching return: the raw source cells do not contain it, and team-09/Bukedea/Tajar-HC-III/TAJAR HEALTH CENTRE III.docx (Table 6 row 106) supplies the independently verified anchor and separate asset row."
team-09/_team-documents/TEAM NINE HOSPITALS EXCELL DTB.xlsx,Sheet1 row 902,"Instrument Set, Suture (03)",3,mirror_fragment_repaired,"Removed parser-appended fragment 'Bed, Adult Patient with Mattress (04)' from this matching return: the raw source cells do not contain it, and team-09/Bukedea/Tajar-HC-III/TAJAR HEALTH CENTRE III.docx (Table 6 row 106) supplies the independently verified anchor and separate asset row."
team-09/_team-documents/TEAM NINE HOSPITALS EXCELL DTB.xlsx,Sheet1 row 923,Bedside Locker (10),10,mirror_fragment_repaired,"Removed parser-appended fragment 'Cupboard, Instrument (01)' from this matching return: the raw source cells do not contain it, and team-09/Bukedea/Tajar-HC-III/TAJAR HEALTH CENTRE III.docx (Table 6 row 127) supplies the independently verified anchor and separate asset row."
team-09/_team-documents/TEAM NINE HOSPITALS EXCELL DTB.xlsx,Sheet1 row 1339,"Autoclave 20 Liters.,Duo Operated (02)",2,mirror_fragment_repaired,"Removed parser-appended fragment 'Counting chamber Neubauer- Improved (02)' from this matching return: the raw source cells do not contain it, and team-09/Butebo/Kanyumu-HC-III/KANYUMU HEALTH CENTRE III.docx (Table 6 row 8) supplies the independently verified anchor and separate asset row."
team-20/_team-documents/TEAM 20 SSSs.xls,Sheet4 row 278,Book shelves,1,mirror_fragment_repaired,"Removed parser-appended fragment 'Tables 06' from this matching return: the raw source cells do not contain it, and team-20/Buhweju/Mushasha-HC-III/MUSHASHA HC 3.docx (Table 11 row 6) supplies the independently verified anchor and separate asset row."
team-20/_team-documents/TEAM 20 SSSs.xls,Sheet4 rows 496-510,"Desk, Chair, Stool, Table, Water tank",472,mixed_assets_recovered,"Verified mixed furniture lists name 469 furniture units and 3 water tanks. Room labels are departments; the two 64-stool laboratory groups remain separate. The unquantified 'chaistool' fragment is retained as unclear source wording without an invented asset. Sheet4 row 506 and Sheet4 row 507 do not identify which furniture item was broken. The toolkit and consolidated spreadsheet repeat the same groups and reconcile as one return. The laboratory list was recorded under Tag Number; it is retained in original metadata, not treated as an asset tag.; counts: {""Desk"": 116, ""Chair"": 154, ""Stool"": 150, ""Table"": 49, ""Water tank"": 3}"
team-20/Kiruhura/Nshwere-HC-III/NSHWERE HC 3.docx,Table 11 rows 2-16,"Desk, Chair, Stool, Table, Water tank",472,mixed_assets_recovered,"Verified mixed furniture lists name 469 furniture units and 3 water tanks. Room labels are departments; the two 64-stool laboratory groups remain separate. The unquantified 'chaistool' fragment is retained as unclear source wording without an invented asset. Table 11 row 12 and Table 11 row 13 do not identify which furniture item was broken. The toolkit and consolidated spreadsheet repeat the same groups and reconcile as one return. ; counts: {""Desk"": 116, ""Chair"": 154, ""Stool"": 150, ""Table"": 49, ""Water tank"": 3}"
team-30/_team-documents/NYAMARWA SEED SCHOOL UGIFT ASSET VERIFICATION AND RECORDING TOOL KIT - FINAL.docx,Table 12 rows 24-25,Air conditioner,1,source_layout_repaired,"Original Table 12 row 24 names AIR CONDITONER and row 25 states 1 SET. These two rows describe one air conditioner; the parser had appended them to VIDEO RECORDER row 21.; counts: {""Air conditioner"": 1}"
team-07/_team-documents/SCHOOLS FOR TEAM SEVEN DTB.xlsx,Sheet1 rows 132-254,Laboratory stools(122),123,reviewed_unit_records,"Reviewed original team-07/Dokolo/Abalang-HC-III/ABALANG HEALTH CENTER III $ ADEKNINO SEED.docx (Table 11 row 33) states one group of 122: 'Laboratory stools(122)', description 'Wooden', status 'Functional', remarks 'Good condition', tag 'ADEKNINO SSS/ ST/001-122'. The same facility and asset facts appear as an expanded unit list in team-07/_team-documents/SCHOOLS FOR TEAM SEVEN DTB.xlsx (Sheet1 rows 132-254). Each of its 123 physical rows is retained once; the repeated aggregate statement from the primary return is folded in. Source count conflict: the primary states 122, while the consolidation has 123 ordinary unit rows. No first row is independently identified as a group header; all individual rows are retained. Individual Functional/Broken/Spoilt/Spoiled remarks control only the stated unit's status. Other repeated aggregate condition or loss wording is preserved without assigning unidentified lost units.; counts: {""Laboratory stools(122)"": 123}"
team-07/_team-documents/SCHOOLS FOR TEAM SEVEN DTB.xlsx,Sheet1 rows 258-273,Bookshelves (15),16,reviewed_unit_records,"Reviewed original team-07/Dokolo/Abalang-HC-III/ABALANG HEALTH CENTER III $ ADEKNINO SEED.docx (Table 11 row 47) states one group of 15: 'Bookshelves (15)', description 'Metallic', status 'Functional', remarks 'Good condition', tag ''. The same facility and asset facts appear as an expanded unit list in team-07/_team-documents/SCHOOLS FOR TEAM SEVEN DTB.xlsx (Sheet1 rows 258-273). Each of its 16 physical rows is retained once; the repeated aggregate statement from the primary return is folded in. Source count conflict: the primary states 15, while the consolidation has 16 ordinary unit rows. No first row is independently identified as a group header; all individual rows are retained. Individual Functional/Broken/Spoilt/Spoiled remarks control only the stated unit's status. Other repeated aggregate condition or loss wording is preserved without assigning unidentified lost units.; counts: {""Bookshelves (15)"": 16}"
team-07/_team-documents/SCHOOLS FOR TEAM SEVEN DTB.xlsx,Sheet1 rows 328-448,School Desk 120,121,reviewed_unit_records,"Reviewed original team-07/Otuke/Alango-HC-III/ALANGO (1) HC 111.docx (Table 11 row 2) states one group of 120: 'School Desk 120', description 'Wooden', status 'Functional', remarks 'The desks are in a good working condition except that 10 desks are broken', tag ''. The same facility and asset facts appear as an expanded unit list in team-07/_team-documents/SCHOOLS FOR TEAM SEVEN DTB.xlsx (Sheet1 rows 328-448). Each of its 121 physical rows is retained once; the repeated aggregate statement from the primary return is folded in. Source count conflict: the primary states 120, while the consolidation has 121 ordinary unit rows. No first row is independently identified as a group header; all individual rows are retained. Individual Functional/Broken/Spoilt/Spoiled remarks control only the stated unit's status. Other repeated aggregate condition or loss wording is preserved without assigning unidentified lost units.; counts: {""School Desk 120"": 121}"
team-07/_team-documents/SCHOOLS FOR TEAM SEVEN DTB.xlsx,Sheet1 rows 450-470,Office Chairs (20),21,reviewed_unit_records,"Reviewed original team-07/Otuke/Alango-HC-III/ALANGO (1) HC 111.docx (Table 11 row 16) states one group of 20: 'Office Chairs (20)', description 'Metallic with cushion', status 'Functional', remarks 'They are all in good working condition', tag ''. The same facility and asset facts appear as an expanded unit list in team-07/_team-documents/SCHOOLS FOR TEAM SEVEN DTB.xlsx (Sheet1 rows 450-470). Each of its 21 physical rows is retained once; the repeated aggregate statement from the primary return is folded in. Source count conflict: the primary states 20, while the consolidation has 21 ordinary unit rows. No first row is independently identified as a group header; all individual rows are retained. Individual Functional/Broken/Spoilt/Spoiled remarks control only the stated unit's status. Other repeated aggregate condition or loss wording is preserved without assigning unidentified lost units.; counts: {""Office Chairs (20)"": 21}"
team-07/_team-documents/SCHOOLS FOR TEAM SEVEN DTB.xlsx,Sheet1 rows 473-665,Laboratory stools (192),193,reviewed_unit_records,"Reviewed original team-07/Otuke/Alango-HC-III/ALANGO (1) HC 111.docx (Table 11 row 19) states one group of 192: 'Laboratory stools (192)', description 'Wooden and metallic in nature', status 'Functional', remarks '189 stools are in a good working condition 3 stools are broken', tag ''. The same facility and asset facts appear as an expanded unit list in team-07/_team-documents/SCHOOLS FOR TEAM SEVEN DTB.xlsx (Sheet1 rows 473-665). Each of its 193 physical rows is retained once; the repeated aggregate statement from the primary return is folded in. Source count conflict: the primary states 192, while the consolidation has 193 ordinary unit rows. No first row is independently identified as a group header; all individual rows are retained. Individual Functional/Broken/Spoilt/Spoiled remarks control only the stated unit's status. Other repeated aggregate condition or loss wording is preserved without assigning unidentified lost units.; counts: {""Laboratory stools (192)"": 193}"
team-07/_team-documents/SCHOOLS FOR TEAM SEVEN DTB.xlsx,Sheet1 rows 672-721,Desktop Computer (48),50,reviewed_unit_records,"Reviewed original team-07/Otuke/Alango-HC-III/ALANGO (1) HC 111.docx (Table 12 row 2) states one group of 48: 'Desktop Computer (48)', description 'Digital S', status 'Functional', remarks 'Good working condition', tag ''. The same facility and asset facts appear as an expanded unit list in team-07/_team-documents/SCHOOLS FOR TEAM SEVEN DTB.xlsx (Sheet1 rows 672-721). Each of its 50 physical rows is retained once; the repeated aggregate statement from the primary return is folded in. Source count conflict: the primary states 48, while the consolidation has 50 ordinary unit rows. No first row is independently identified as a group header; all individual rows are retained. Individual Functional/Broken/Spoilt/Spoiled remarks control only the stated unit's status. Other repeated aggregate condition or loss wording is preserved without assigning unidentified lost units.; counts: {""Desktop Computer (48)"": 50}"
team-07/_team-documents/SCHOOLS FOR TEAM SEVEN DTB.xlsx,Sheet1 rows 914-1180,OFFICE CHAIRS 266,267,reviewed_unit_records,"Reviewed original team-07/Alebtong/Abia-HC-III/ABIA HC III.docx (Table 11 row 5) states one group of 266: 'OFFICE CHAIRS 266', description 'WOODEN AND METALLIC BROWM IN COLOUR', status 'FUNCTIONING', remarks 'GOOD CONDITION', tag 'Not engraved'. The same facility and asset facts appear as an expanded unit list in team-07/_team-documents/SCHOOLS FOR TEAM SEVEN DTB.xlsx (Sheet1 rows 914-1180). Each of its 267 physical rows is retained once; the repeated aggregate statement from the primary return is folded in. Source count conflict: the primary states 266, while the consolidation has 267 ordinary unit rows. No first row is independently identified as a group header; all individual rows are retained. Individual Functional/Broken/Spoilt/Spoiled remarks control only the stated unit's status. Other repeated aggregate condition or loss wording is preserved without assigning unidentified lost units.; counts: {""OFFICE CHAIRS 266"": 267}"
team-07/_team-documents/SCHOOLS FOR TEAM SEVEN DTB.xlsx,Sheet1 rows 1183-1281,LABARATORY STOOLS 98,99,reviewed_unit_records,"Reviewed original team-07/Alebtong/Abia-HC-III/ABIA HC III.docx (Table 11 row 7) states one group of 98: 'LABARATORY STOOLS 98', description 'WOODEN IN NATURE', status 'FUNCTIONING', remarks 'GOOD CONDITION', tag 'Not engraved'. The same facility and asset facts appear as an expanded unit list in team-07/_team-documents/SCHOOLS FOR TEAM SEVEN DTB.xlsx (Sheet1 rows 1183-1281). Each of its 99 physical rows is retained once; the repeated aggregate statement from the primary return is folded in. Source count conflict: the primary states 98, while the consolidation has 99 ordinary unit rows. No first row is independently identified as a group header; all individual rows are retained. Individual Functional/Broken/Spoilt/Spoiled remarks control only the stated unit's status. Other repeated aggregate condition or loss wording is preserved without assigning unidentified lost units.; counts: {""LABARATORY STOOLS 98"": 99}"
team-07/_team-documents/SCHOOLS FOR TEAM SEVEN DTB.xlsx,Sheet1 rows 1284-1303,BOOK SHELVES 19,20,reviewed_unit_records,"Reviewed original team-07/Alebtong/Abia-HC-III/ABIA HC III.docx (Table 11 row 10) states one group of 19: 'BOOK SHELVES 19 19', description '2 BIG ONES 17 SMALL ONES', status 'FUNCTIONING', remarks 'GOOD CONDITION', tag 'Not engraved'. The same facility and asset facts appear as an expanded unit list in team-07/_team-documents/SCHOOLS FOR TEAM SEVEN DTB.xlsx (Sheet1 rows 1284-1303). Each of its 20 physical rows is retained once; the repeated aggregate statement from the primary return is folded in. Source count conflict: the primary states 19, while the consolidation has 20 ordinary unit rows. No first row is independently identified as a group header; all individual rows are retained. Individual Functional/Broken/Spoilt/Spoiled remarks control only the stated unit's status. Other repeated aggregate condition or loss wording is preserved without assigning unidentified lost units.; counts: {""BOOK SHELVES 19"": 20}"
team-07/_team-documents/SCHOOLS FOR TEAM SEVEN DTB.xlsx,Sheet1 rows 2350-2378,DESKTOP COMPUTERS (28),29,reviewed_unit_records,"Reviewed original team-07/Dokolo/Te-Tugu-HC-III/TE-TUGU HC III ..docx (Table 13 row 2) states one group of 28: 'DESKTOP COMPUTERS (28)', description '', status 'FUNCTIONING', remarks 'GOOD CONDITION', tag 'C632763 S7VT78 BBRZ773 DCMJ973 28MJ973 ES3J7C3'. The same facility and asset facts appear as an expanded unit list in team-07/_team-documents/SCHOOLS FOR TEAM SEVEN DTB.xlsx (Sheet1 rows 2350-2378). Each of its 29 physical rows is retained once; the repeated aggregate statement from the primary return is folded in. Source count conflict: the primary states 28, while the consolidation has 29 ordinary unit rows. No first row is independently identified as a group header; all individual rows are retained. Individual Functional/Broken/Spoilt/Spoiled remarks control only the stated unit's status. Other repeated aggregate condition or loss wording is preserved without assigning unidentified lost units.; counts: {""DESKTOP COMPUTERS (28)"": 29}"
team-07/_team-documents/SCHOOLS FOR TEAM SEVEN DTB.xlsx,Sheet1 rows 2384-2413,UPS (28),30,reviewed_unit_records,"Reviewed original team-07/Dokolo/Te-Tugu-HC-III/TE-TUGU HC III ..docx (Table 13 row 6) states one group of 28: 'UPS (28)', description 'MODEL APC 650YK', status 'FUNCTIONING', remarks 'GOOD CONDITION', tag '9B2017A23798 9B2017A22810 9B2017A22805 9B2017A228DE 9B2017A22804 9B2017A01221 9B2017A01153 9B2017A22789 9B2017A22806'. The same facility and asset facts appear as an expanded unit list in team-07/_team-documents/SCHOOLS FOR TEAM SEVEN DTB.xlsx (Sheet1 rows 2384-2413). Each of its 30 physical rows is retained once; the repeated aggregate statement from the primary return is folded in. Source count conflict: the primary states 28, while the consolidation has 30 ordinary unit rows. No first row is independently identified as a group header; all individual rows are retained. Individual Functional/Broken/Spoilt/Spoiled remarks control only the stated unit's status. Other repeated aggregate condition or loss wording is preserved without assigning unidentified lost units.; counts: {""UPS (28)"": 30}"
team-08/_team-documents/TEAM EIGHT SCHOOLS DTB 2.xlsx,Sheet1 rows 5-113,Desks 107,109,reviewed_unit_records,"Reviewed original team-08/Amuria/Asamuk-Seed-Secondary-School/asamuk,wera  ASSET VERIFICATION AND RECORDING TOOL KIT 222-1edit.docx (Table 11 row 2) states one group of 107: 'Desks 107', description 'Metallic & wood', status 'functional', remarks 'All in good status', tag 'Not Engraved'. The same facility and asset facts appear as an expanded unit list in team-08/_team-documents/TEAM EIGHT SCHOOLS DTB 2.xlsx (Sheet1 rows 5-113). Each of its 109 physical rows is retained once; the repeated aggregate statement from the primary return is folded in. Source count conflict: the primary states 107, while the consolidation has 109 ordinary unit rows. No first row is independently identified as a group header; all individual rows are retained. Individual Functional/Broken/Spoilt/Spoiled remarks control only the stated unit's status. Other repeated aggregate condition or loss wording is preserved without assigning unidentified lost units.; counts: {""Desks 107"": 109}"
team-08/_team-documents/TEAM EIGHT SCHOOLS DTB 2.xlsx,Sheet1 rows 875-1177,Chairs with hard seat 302,303,reviewed_unit_records,"Reviewed original team-08/Soroti/Asuret-Seed-Secondary-School/ASURET SEED SS ASSET VERIFICATION AND RECORDING TOOL KIT 222.docx (Table 11 row 3) states one group of 302: 'Chairs with hard seat 302', description 'Single chair with hard seats', status '299 in use & 3 are spoiled', remarks '3 are spoiled', tag 'UGIFT 1/A suret seed ssCLSRM 001-302'. The same facility and asset facts appear as an expanded unit list in team-08/_team-documents/TEAM EIGHT SCHOOLS DTB 2.xlsx (Sheet1 rows 875-1177). Each of its 303 physical rows is retained once; the repeated aggregate statement from the primary return is folded in. Source count conflict: the primary states 302, while the consolidation has 303 ordinary unit rows. No first row is independently identified as a group header; all individual rows are retained. Individual Functional/Broken/Spoilt/Spoiled remarks control only the stated unit's status. Other repeated aggregate condition or loss wording is preserved without assigning unidentified lost units.; counts: {""Chairs with hard seat 302"": 303}"
team-08/_team-documents/TEAM EIGHT SCHOOLS DTB 2.xlsx,Sheet1 rows 1598-1618,office chair,21,reviewed_unit_records,"Reviewed original team-08/Serere/Kagwara-HC-III/kagwara HC III and school-2.docx (Table 11 row 2) states one group of 20: 'office chair 20', description 'metallic red cushion', status '17 Functional', remarks 'Good shape except 3 broken.', tag ''. The same facility and asset facts appear as an expanded unit list in team-08/_team-documents/TEAM EIGHT SCHOOLS DTB 2.xlsx (Sheet1 rows 1598-1618). Each of its 21 physical rows is retained once; the repeated aggregate statement from the primary return is folded in. Source count conflict: the primary states 20, while the consolidation has 21 ordinary unit rows. No first row is independently identified as a group header; all individual rows are retained. Individual Functional/Broken/Spoilt/Spoiled remarks control only the stated unit's status. Other repeated aggregate condition or loss wording is preserved without assigning unidentified lost units.; counts: {""office chair"": 21}"
team-08/_team-documents/TEAM EIGHT SCHOOLS DTB 2.xlsx,Sheet1 rows 1628-1932,Chairs,305,reviewed_unit_records,"Reviewed original team-08/Serere/Kagwara-HC-III/kagwara HC III and school-2.docx (Table 11 row 4) states one group of 305: 'Chairs 305', description 'metallic & Hard wood', status '301 Functional', remarks 'Good shape except 4 broken.', tag 'UGIFT/KAGWARA ARX SEED SS 001-305'. The same facility and asset facts appear as an expanded unit list in team-08/_team-documents/TEAM EIGHT SCHOOLS DTB 2.xlsx (Sheet1 rows 1628-1932). Each of its 305 physical rows is retained once; the repeated aggregate statement from the primary return is folded in. Individual Functional/Broken/Spoilt/Spoiled remarks control only the stated unit's status. Other repeated aggregate condition or loss wording is preserved without assigning unidentified lost units.; counts: {""Chairs"": 305}"
team-09/_team-documents/TEAM NINE SCHOOLS DTB.xlsx,Sheet1 rows 1233-1266,Chairs,34,reviewed_unit_records,"Reviewed original team-09/Butebo/Kanginima-Seed-Secondary-School/KANGINIMA SEED SECONDRY SCHOOL.docx (Table 6 row 3) states one group of 32: 'Chairs (32)', description 'Cushioned top, metallic stands', status 'Functional', remarks '90 were broken', tag 'Not engraved'. The same facility and asset facts appear as an expanded unit list in team-09/_team-documents/TEAM NINE SCHOOLS DTB.xlsx (Sheet1 rows 1233-1266). Each of its 34 physical rows is retained once; the repeated aggregate statement from the primary return is folded in. Source count conflict: the primary states 32, while the consolidation has 34 ordinary unit rows. No first row is independently identified as a group header; all individual rows are retained. Individual Functional/Broken/Spoilt/Spoiled remarks control only the stated unit's status. Other repeated aggregate condition or loss wording is preserved without assigning unidentified lost units.; counts: {""Chairs"": 34}"
team-09/_team-documents/TEAM NINE SCHOOLS DTB.xlsx,Sheet1 rows 1268-1559,Laboratory stools,292,reviewed_unit_records,"Reviewed original team-09/Butebo/Kanginima-Seed-Secondary-School/KANGINIMA SEED SECONDRY SCHOOL.docx (Table 6 row 4) states one group of 292: 'Laboratory stools (292)', description 'Round wooden top, metallic stand', status 'Functional', remarks '100 are broken', tag 'Not engraved'. The same facility and asset facts appear as an expanded unit list in team-09/_team-documents/TEAM NINE SCHOOLS DTB.xlsx (Sheet1 rows 1268-1559). Each of its 292 physical rows is retained once; the repeated aggregate statement from the primary return is folded in. Individual Functional/Broken/Spoilt/Spoiled remarks control only the stated unit's status. Other repeated aggregate condition or loss wording is preserved without assigning unidentified lost units.; counts: {""Laboratory stools"": 292}"
team-09/_team-documents/TEAM NINE SCHOOLS DTB.xlsx,Sheet1 rows 1609-1637,Monitors,29,reviewed_unit_records,"Reviewed original team-09/Butebo/Kanginima-Seed-Secondary-School/KANGINIMA SEED SECONDRY SCHOOL.docx (Table 8 row 2) states one group of 28: 'Monitors (28)', description '', status 'Functional', remarks '18 were stolen, 10 are in use', tag 'Engraved'. The same facility and asset facts appear as an expanded unit list in team-09/_team-documents/TEAM NINE SCHOOLS DTB.xlsx (Sheet1 rows 1609-1637). Each of its 29 physical rows is retained once; the repeated aggregate statement from the primary return is folded in. Source count conflict: the primary states 28, while the consolidation has 29 ordinary unit rows. No first row is independently identified as a group header; all individual rows are retained. Individual Functional/Broken/Spoilt/Spoiled remarks control only the stated unit's status. Other repeated aggregate condition or loss wording is preserved without assigning unidentified lost units.; counts: {""Monitors"": 29}"
team-09/_team-documents/TEAM NINE SCHOOLS DTB.xlsx,Sheet1 rows 1668-1695,Keyboards,28,reviewed_unit_records,"Reviewed original team-09/Butebo/Kanginima-Seed-Secondary-School/KANGINIMA SEED SECONDRY SCHOOL.docx (Table 8 row 4) states one group of 28: 'Keyboards (28)', description '', status 'Functional', remarks '18 were stolen, 10 are in use', tag 'Not Engraved'. The same facility and asset facts appear as an expanded unit list in team-09/_team-documents/TEAM NINE SCHOOLS DTB.xlsx (Sheet1 rows 1668-1695). Each of its 28 physical rows is retained once; the repeated aggregate statement from the primary return is folded in. Individual Functional/Broken/Spoilt/Spoiled remarks control only the stated unit's status. Other repeated aggregate condition or loss wording is preserved without assigning unidentified lost units.; counts: {""Keyboards"": 28}"
team-09/_team-documents/TEAM NINE SCHOOLS DTB.xlsx,Sheet1 rows 1697-1724,Mouse,28,reviewed_unit_records,"Reviewed original team-09/Butebo/Kanginima-Seed-Secondary-School/KANGINIMA SEED SECONDRY SCHOOL.docx (Table 8 row 5) states one group of 28: 'Mouse (28)', description '', status 'Functional', remarks '18 were stolen, 10 are in use', tag 'Not Engraved'. The same facility and asset facts appear as an expanded unit list in team-09/_team-documents/TEAM NINE SCHOOLS DTB.xlsx (Sheet1 rows 1697-1724). Each of its 28 physical rows is retained once; the repeated aggregate statement from the primary return is folded in. Individual Functional/Broken/Spoilt/Spoiled remarks control only the stated unit's status. Other repeated aggregate condition or loss wording is preserved without assigning unidentified lost units.; counts: {""Mouse"": 28}"
team-09/_team-documents/TEAM NINE SCHOOLS DTB.xlsx,Sheet1 rows 2681-2684,Filter paper box (400 pcs),4,reviewed_unit_records,"Reviewed original team-09/Kaberamaido/Aperikira-Seed-Secondary-School/APERIKIRA SEED SCHOOL ASSET VERIFICATION.docx (Table 7 row 43) states one group of 4: 'Filter paper 4 boxes (400 pcs)', description '', status 'Functional', remarks 'Good and in use', tag 'Not engraved'. The same facility and asset facts appear as an expanded unit list in team-09/_team-documents/TEAM NINE SCHOOLS DTB.xlsx (Sheet1 rows 2681-2684). Each of its 4 physical rows is retained once; the repeated aggregate statement from the primary return is folded in. Individual Functional/Broken/Spoilt/Spoiled remarks control only the stated unit's status. Other repeated aggregate condition or loss wording is preserved without assigning unidentified lost units.; counts: {""Filter paper box (400 pcs)"": 4}"
team-09/_team-documents/TEAM NINE SCHOOLS DTB.xlsx,Sheet1 rows 3656-3677,Monitors,22,reviewed_unit_records,"Reviewed original team-09/Kalaki/Apapai-Seed-Secondary-School/apapai seed secondary school.docx (Table 7 row 2) states one group of 21: 'Monitors (21)', description 'Lenovo', status '2 are in use out of 21', remarks '19 were stolen', tag ''. The same facility and asset facts appear as an expanded unit list in team-09/_team-documents/TEAM NINE SCHOOLS DTB.xlsx (Sheet1 rows 3656-3677). Each of its 22 physical rows is retained once; the repeated aggregate statement from the primary return is folded in. Source count conflict: the primary states 21, while the consolidation has 22 ordinary unit rows. No first row is independently identified as a group header; all individual rows are retained. Individual Functional/Broken/Spoilt/Spoiled remarks control only the stated unit's status. Other repeated aggregate condition or loss wording is preserved without assigning unidentified lost units.; counts: {""Monitors"": 22}"
team-09/_team-documents/TEAM NINE SCHOOLS DTB.xlsx,Sheet1 rows 3682-3702,CPU,21,reviewed_unit_records,"Reviewed original team-09/Kalaki/Apapai-Seed-Secondary-School/apapai seed secondary school.docx (Table 7 row 3) states one group of 21: 'CPU (21)', description 'Lenovo', status '2 are in use out of 21', remarks '19 in the store', tag ''. The same facility and asset facts appear as an expanded unit list in team-09/_team-documents/TEAM NINE SCHOOLS DTB.xlsx (Sheet1 rows 3682-3702). Each of its 21 physical rows is retained once; the repeated aggregate statement from the primary return is folded in. Individual Functional/Broken/Spoilt/Spoiled remarks control only the stated unit's status. Other repeated aggregate condition or loss wording is preserved without assigning unidentified lost units.; counts: {""CPU"": 21}"
