source_file,status,asset_rows,error
"_multi-team/bunyoro-tooro-greater-mityana/DEPAUL - BUNYORO, TOORO AND GREATER MITYANA -CURRENT (2).xls",parsed,4638,
"_multi-team/bunyoro-tooro-greater-mityana/DEPAUL - BUNYORO, TOORO AND GREATER MITYANA -CURRENT.xls",parsed,4361,
_multi-team/busoga-and-part-of-central/Health Center Updated Asset Register  222.xlsx,parsed,5143,
_multi-team/busoga-and-part-of-central/Seed School Updated Asset Register 22222.xlsx,parsed,13989,
_multi-team/teams-01-04/Health 6.xlsx,parsed,2424,
"_multi-team/teams-10-15/PROCESS REPORT - Karamoja, Bukedi, Bugisu and Sebei.docx",no_asset_rows,0,
_multi-team/teams-10-15/PROCESS REPORT.docx,no_asset_rows,0,
_multi-team/teams-19-21/data updates - western.xls,parsed,161,
team-01/Madi-Okollo/Ulepi-HC-III/MADI OKOLLO - ULEPI HC & MAMBA SEED NEBBI.docx,parsed,93,
team-01/Madi-Okollo/Ulepi-HC-III/UGIFT_Asset_Verification_Ulepi_HC_III_Madi Okollo Report.docx,no_asset_rows,0,
team-01/Nebbi/_district-documents/UGIFT Assets Verification Nebbi District Report.docx,no_asset_rows,0,
team-01/Nebbi/Atego-Seed-Secondary-School/NWOYA-KOCHI LII HC & ATEGO SEED 2.docx,parsed,82,
team-01/Nebbi/Ndhew-Seed-Secondary-School/NEBBI-PAMAKA HC & NDHEW SEED 2.docx,parsed,92,
team-01/Nwoya/_district-documents/UGIFT_Asset_Verification_Nwoya Report.docx,no_asset_rows,0,
team-01/Nwoya/Got-Apwoyo-HC-III/ZOMBO - GOT APWOYO HC & AMEI SEED ZOMBO 2.docx,parsed,93,
team-01/Nwoya/Got-Apwoyo-Seed-Secondary-School/NWOYA GOT APWOYO SEED.docx,parsed,34,
team-01/Nwoya/Lungulu-Seed-Secondary-School/Todora HC & Lungulu - Nwoya District.docx,parsed,59,
team-01/Nwoya/Paraa-HC-III/ZOMBO - NWOYA PARAA HC & KANGO SEED ZOMBO.docx,parsed,87,
team-01/Pakwach/_district-documents/UGIFT_Asset_Verification_Packwach District Report.docx,no_asset_rows,0,
team-01/Pakwach/Alwi-Seed-Secondary-School/ZOMBO - ATYAK HC III & ALWI SEED.docx,parsed,101,
team-01/Pakwach/Wadelai-Seed-Secondary-School/ZOMBO AMWONYO & WADELAI 2.docx,parsed,95,
team-01/Zombo/_district-documents/UGIFT Assets Verification ZOMBO DISTRICT Report.docx,no_asset_rows,0,
team-01/Zombo/Atyak-Seed-Secondary-School/ZOMBO - OTHEKO HC & ATYAK SEED ZOMBO.docx,parsed,87,
team-02/Arua/_district-documents/REPORT ON UGIFT ASSETS OF ARUA CITY AND ARUA DISTRICT.docx,no_asset_rows,0,
team-02/Arua/Arua-Regional-Blood-Bank/ARUA BLOOD BANK-1.xlsx,parsed,71,
team-02/Arua/St-Peters-Seed-Secondary-School-Aroi/1 ASSET_VERIFICATION_ St Peter SSS Arua 3.docx,parsed,20,
team-02/Koboko MC/_district-documents/UGIFT KOBOKO MUNICIPALITY REPORT.docx,no_asset_rows,0,
team-02/Koboko MC/Lasanga-HC-III/1 LASANGA HC KOBOKO MC.docx,parsed,47,
team-02/Koboko MC/Nyangilia-HC-III/1 NYANGILIA HC Koboko Municiplaity.docx,parsed,60,
team-02/Koboko/_district-documents/KOBOKO DISTRICT.docx,no_asset_rows,0,
team-02/Koboko/Chakulia-HC-III/1 CHAKULIA HC - Padrombu SSS ASSET.docx,parsed,74,
team-02/Koboko/Nyakaliso-Seed-Secondary-School/1 NYAKALISO[KOBOKO] ASSET VERIFICATION AND RECORDING TOOL KIT 222(2).docx,parsed,10,
team-02/Maracha/_district-documents/UGIFT ASSET REPORT FOR MARACHA DISTRICT.docx,no_asset_rows,0,
team-02/Maracha/Ajikoro-HC-III/1 AJIKORO HC MARACHA.docx,parsed,24,
team-02/Maracha/All-Saints-Secondary-School/1 CURUBE HCIII AND ALL SAINTS SSS - Maracha.docx,parsed,98,
team-02/Maracha/Ekaligo-HC-III/1 EKALIGO HEALTH CENTER III.docx,parsed,78,
team-02/Maracha/Kololo-Seed-Secondary-School/1 ODUPIRI HC - Kololo SSS MARACHA  district.docx,parsed,56,
team-02/Maracha/Liko-HC-III/1 LIKO HCIII Maracha district.docx,parsed,81,
team-02/Terego/_district-documents/TEREGO DISTRICT.docx,no_asset_rows,0,
team-02/Terego/Wati-HC-III/1 WATI HC {TEREGO}.docx,parsed,56,
team-02/Yumbe/_district-documents/YUMBE DISTRICT.docx,no_asset_rows,0,
team-02/Yumbe/Amanyiri-HC-III/1 AMANYIRI HCIII.docx,parsed,75,
team-02/Yumbe/Drajini-Hill-Seed-Secondary-School/1 DRAJINI HILL SSS - Yumbe District.docx,parsed,37,
team-02/Yumbe/Kerwa-HC-III/1 Kerwa HC - Kerwa SSS.docx,parsed,61,
team-02/Yumbe/Lobe-HC-III/LOBE HC[YUMBE]ASSET VERIFICATION AND RECORDING TOOL KIT 222(3)(1).docx,parsed,1,
team-02/Yumbe/Lodonga-Seed-Secondary-School/LODONGA SEED SS (2).docx,parsed,32,
team-02/Yumbe/Mocha-HC-III/MOCHA HC[YUMBE] ASSET VERIFICATION AND RECORDING TOOL KIT 222(2).docx,parsed,66,
team-02/Yumbe/Nyori-HC-III/NYORI HCIII.docx,parsed,81,
team-03/Adjumani/Arinyapi-HC-III/1 arinyapi HC III and Maaji seed SS 3 -Adjumani.docx,parsed,114,
team-03/Adjumani/Arinyapi-Seed-Secondary-School/1 Arinyapi seed SS Adjumani.docx,parsed,26,
team-03/Amuru/Amuru-Seed-Secondary-School/1ASSET VERIFICATION otwee HCIII and amuru seed SS.docx,parsed,64,
team-03/Amuru/Amuru-Town-Seed-Secondary-School/1ASSET VERIFICATION Amuru town seed ss 2.docx,parsed,20,
team-03/Gulu/Omel-HC-III/1 omel hc3 and palaro ss-1 Gulu.docx,parsed,90,
team-03/Gulu/Patiko-Seed-Secondary-School/1Patiko SS 2 Gulu.docx,parsed,12,
team-03/Moyo/Aya-HC-III/AYA HC III Moyo.docx,parsed,73,
team-03/Moyo/Dufile-Seed-Secondary-School/Dufile seed SS Moyo.docx,parsed,11,
team-03/Moyo/Gbari-HC-III/GBARI HC III MOYO.docx,parsed,80,
team-03/Moyo/Lama-HC-III/Lama HCIII-1 Moyo.docx,parsed,63,
team-03/Obongi/Gopele-Seed-Secondary-School/1 GOPELE SEEDS SCHOOL 2.docx,parsed,21,
team-04/Agago/_district-documents/UGIFT AGAGO District Report.docx,no_asset_rows,0,
team-04/Agago/Awor-Seed-Secondary-School/1 Omot HC Awor SSS Agago District.docx,parsed,29,
team-04/Agago/Kotomor-Seed-Secondary-School/1 Pacre HC Kotomor  SSS Agago District.docx,parsed,22,
team-04/Agago/Lamiyo-HC-III/1 LAMIYO HC III AND LAMIYO SSS.docx,parsed,84,
team-04/Agago/Lapirin-HC-III/1 LapirinHC Lapono sss Agago District.docx,parsed,96,
team-04/Agago/Layita-HC-III/1 Layita HC OMIYA PACWA sss.docx,parsed,24,
team-04/Kitgum/_district-documents/1 UGIFT School Kitgum District Report with Pics.docx,no_asset_rows,0,
team-04/Kitgum/Labongo-Amida-Seed-Secondary-School/1 labongo amida SSS Kitgum Dist.docx,parsed,25,
team-04/Kitgum/Labongo-Layamo-Seed-Secondary-School/1 Layamo SSS Kitgum Dist.docx,parsed,24,
team-04/Lamwo/_district-documents/1 UGIFT  Lamwo District Report.docx,no_asset_rows,0,
team-04/Lamwo/Katum-HC-III/1  KatumHC -  Paloga SSS - Pangira - Padibe SSS - Lamwo District.docx,parsed,104,
team-04/Lamwo/Katum-HC-III/2KatumHC - Paloga SSS - Pangira HC - Padibe SSS - Lamwo District.docx,parsed,105,
team-04/Pader/Lapul-Ocwida-HC-III/1 Lapulocwida HC - Pader District.docx,parsed,75,
team-04/Pader/Latanya-Seed-Secondary-School/1 Olok HC -Latanya SSS - Pader District.docx,parsed,24,
team-04/Pader/Ogom-Seed-Secondary-School/1 Okinya HC - Ogom SSS Pader district.docx,parsed,27,
team-05/_team-documents/ASSET VERIFICATION AND RECORDING TOOL KIT 222.docx,no_asset_rows,0,
team-05/_team-documents/team five hospitals.xlsx,parsed,1085,
team-05/_team-documents/TEAM FIVE SCHOOLS.xlsx,parsed,214,
team-05/Kole/Ayara-HC-III/Ayara HC III_ASSET VERIFICATION AND RECORDING TOOL KIT 222.docx,parsed,78,
team-05/Kole/Ayara-HC-III/Ayara HC III_FIELD REPORT_KOLE DISTRICT.docx,no_asset_rows,0,
team-05/Kole/Ayer-HC-III/Ayer HC III_ASSET VERIFICATION AND RECORDING TOOL KIT 222.docx,parsed,73,
team-05/Kole/Ayer-HC-III/Ayer HC III_FIELD REPORT_KOLE DISTRICT.docx,no_asset_rows,0,
team-05/Kole/Kole-Seed-Secondary-School/KOLE SEED SECONDARY SCHOOL.docx,no_asset_rows,0,
team-05/Kole/Kole-Seed-Secondary-School/Okole HC III_Kole Seed SS_ASSET VERIFICATION AND RECORDING TOOL KIT.docx,parsed,67,
team-05/Kole/Okole-HC-III/Okole HC III_FIELD REPORT_LIRA DISTRICT.docx,no_asset_rows,0,
team-05/Kole/Okwerodot-HC-III/Okwelodot HC III_FIELD REPORT_KOLE DISTRICT.docx,no_asset_rows,0,
team-05/Kole/Okwerodot-HC-III/Okwerodot HC III_OKwerodot Seed SS_ASSET_VERIFICATION_AND_RECORDING_TOOL_KIT.docx,parsed,94,
team-05/Kole/Okwerodot-Seed-Secondary-School/Okwerodot Seed SS_FIELD REPORT_KOLE DISTRICT.docx,no_asset_rows,0,
team-05/Lira City/Anyomorem-HC-III/Anyomorem HC III_ASSET VERIFICATION AND RECORDING TOOL KIT 222.docx,parsed,56,
team-05/Lira City/Anyomorem-HC-III/Anyomorem HC III_FIELD REPORT_LIRA CITY.docx,no_asset_rows,0,
team-05/Lira City/Punuluru-HC-III/Punuluru HC III_ASSET VERIFICATION AND RECORDING TOOL KIT 222.docx,parsed,107,
team-05/Lira City/Punuluru-HC-III/Punuluru HC III_FIELD REPORT_LIRA CITY COUNCIL.docx,no_asset_rows,0,
team-05/Lira City/Railway-Seed-Secondary-School/RAILWAY SEED SECONDARY SCHOOL.docx,no_asset_rows,0,
team-05/Lira City/Railway-Seed-Secondary-School/Railway Seed SS_ASSET VERIFICATION AND RECORDING TOOL KIT 222.docx,parsed,36,
team-05/Lira/Agali-Seed-Secondary-School/Agali Seed SS_ ASSET VERIFICATION AND RECORDING TOOL KIT 222.docx,parsed,66,
team-05/Lira/Agali-Seed-Secondary-School/Agali Seed SS_FIELD REPORT_LIRA DISTRICT.docx,no_asset_rows,0,
team-05/Lira/Barlonyo-HC-III/Barlonyo HC III_Ogur Seed SS_ASSET VERIFICATION AND RECORDING TOOL KIT RUTH.docx,parsed,56,
team-05/Lira/Barlonyo-HC-III/Barlonyo Health Center 3.docx,no_asset_rows,0,
team-05/Lira/Ogur-Seed-Secondary-School/OGUR SEED SECONDARY SCHOOL.docx,no_asset_rows,0,
team-05/Lira/Onywako-HC-III/Onywako HC IIII_ASSET VERIFICATION AND RECORDING TOOL KIT.docx,parsed,78,
team-05/Lira/Onywako-HC-III/ONYWAKO HEALTH CENTRE 3.docx,no_asset_rows,0,
team-05/Omoro/Abwoch-HC-III/Abwoch HC III_ASSET VERIFICATION AND RECORDING TOOL KIT 222.docx,parsed,76,
team-05/Omoro/Abwoch-HC-III/Abwoch HC III_FIELD REPORT_OMORO DISTRICT.docx,no_asset_rows,0,
team-05/Omoro/Acet-HC-III/Acet HC III_FIELD REPORT_OMORO DISTRICT.docx,no_asset_rows,0,
team-05/Omoro/Acet-HC-III/Acet HC IIII_ASSET VERIFICATION AND RECORDING TOOL KIT (2).docx,parsed,56,
team-05/Omoro/Acet-HC-III/Acet HC IIII_ASSET VERIFICATION AND RECORDING TOOL KIT.docx,parsed,56,
team-05/Omoro/Acet-HC-III/Copy of Acet HC III_ASSET VERIFICATION AND RECORDING TOOL KIT.docx,parsed,68,
team-05/Omoro/Lakwana-Seed-Secondary-School/LAKWANA SEED SECONDARY SCHOOL.docx,no_asset_rows,0,
team-05/Omoro/Lakwana-Seed-Secondary-School/Tekulu HC III_Lakwana Seed SS_ASSET VERIFICATION AND RECORDING TOOL KIT.docx,parsed,58,
team-05/Omoro/Lakwatomer-HC-III/Lakwatomer HC III_FIELD REPORT_OMORO DISTRICT.docx,no_asset_rows,0,
team-05/Omoro/Lakwatomer-HC-III/Lakwatomer HC IIII_ASSET VERIFICATION AND RECORDING TOOL KIT.docx,parsed,49,
team-05/Omoro/Loyoajonga-HC-III/LOYOAJONGA HC III FIELD REPORT_OMORO DISTRICT.docx,no_asset_rows,0,
team-05/Omoro/Loyoajonga-HC-III/Loyoajonga HC III_ASSET VERIFICATION AND RECORDING TOOL KIT 222.docx,parsed,87,
team-05/Omoro/Tekulu-HC-III/TEKULU HEALTH CENTRE 3.docx,no_asset_rows,0,
team-05/Oyam/Abela-HC-III/Abela HC III_FIELD REPORT_OYAM DISTRICT.docx,no_asset_rows,0,
team-05/Oyam/Abela-HC-III/Abela HC III_Ngai Seed SS_ASSET VERIFICATION AND RECORDING TOOL KIT 222.docx,parsed,69,
team-05/Oyam/Ajaga-HC-III/Ajaga HC III_Aleka Seed SS_ASSET VERIFICATION AND RECORDING TOOL KIT 222.docx,parsed,85,
team-05/Oyam/Ajaga-HC-III/Ajaga HC III_FIRLED REPORT_OYAM DISTRICT.docx,no_asset_rows,0,
team-05/Oyam/Aleka-Seed-Secondary-School/Aleka Seed SS_FIELD REPORT_OYAM DISTRICT.docx,no_asset_rows,0,
team-05/Oyam/Atura-HC-III/Atura HC III_ASSET VERIFICATION AND RECORDING TOOL KIT 222.docx,parsed,74,
team-05/Oyam/Atura-HC-III/Atura HC III_FIELD REPORT_OYAM DISTRICT.docx,no_asset_rows,0,
team-05/Oyam/Iceme-HC-III/Icheme HC IIII_ASSET VERIFICATION AND RECORDING TOOL KIT.docx,parsed,61,
team-05/Oyam/Iceme-HC-III/ICHEME HEALTH CENTRE 3_.docx,no_asset_rows,0,
team-05/Oyam/Iceme-Okwir-HC-III/Icheme Okwir HC III_ASSET VERIFICATION AND RECORDING TOOL KIT.docx,parsed,57,
team-05/Oyam/Iceme-Okwir-HC-III/Icheme Okwir HC III_FIELD REPORT_OYAM DISTRICT.docx,no_asset_rows,0,
team-05/Oyam/Loro-HC-III/Loro HC III_ASSET VERIFICATION AND RECORDING TOOL KIT 222.docx,parsed,67,
team-05/Oyam/Loro-HC-III/Loro HC III_FIELD REPORT_OYAM DISTRICT.docx,no_asset_rows,0,
team-05/Oyam/Ngai-Seed-Secondary-School/Ngai Seed SS_FIELD REPORT_OYAM DISTRICT.docx,no_asset_rows,0,
team-06/_team-documents/TEAM SIX HOSPITALS DTB1.xlsx,parsed,1466,
team-06/_team-documents/TEAM SIX SCHOOLS DTB.xlsx,parsed,3654,
team-06/Amolatar/Acii-HC-III/ACII HCIII.docx,parsed,76,
team-06/Amolatar/Akwon-Seed-Secondary-School/Akwon ss-sample photos_.docx,no_asset_rows,0,
team-06/Amolatar/Akwon-Seed-Secondary-School/KIDILANI HC III & AKWON SEED SCHOOL.docx,parsed,57,
team-06/Amolatar/Alyecmeda-HC-III/ALYECMEDA HC III.docx,parsed,24,
team-06/Amolatar/Anamwany-HC-III/ANAMWANY HCIII.docx,parsed,25,
team-06/Amolatar/Arwotcek-HC-III/ARWOTCEK HC III (2).docx,parsed,175,
team-06/Amolatar/Arwotcek-HC-III/ARWOTCEK HC III.docx,parsed,175,
team-06/Amolatar/Awonangiro-HC-III/OWANGIRO HC III.docx,parsed,194,
team-06/Amolatar/Biko-HC-III/BIKO HCIII.docx,parsed,53,
team-06/Amolatar/Etam-Seed-Secondary-School/AKALI HC III & ETAM SEED SCHOOL.docx,parsed,93,
team-06/Amolatar/Etam-Seed-Secondary-School/Etam ss-sample photos_.docx,no_asset_rows,0,
team-06/Amolatar/Muntu-Seed-Secondary-School/AGANGA HC III & MUNTU Seed School.docx,parsed,88,
team-06/Amolatar/Muntu-Seed-Secondary-School/Muntu ss-sample photos_ -.docx,no_asset_rows,0,
team-06/Amolatar/Nakatiti-HC-III/NAKATI HC III.docx,parsed,197,
team-06/Apac MC/Arocha-Seed-Secondary-School/AROCHA SEED School.docx,parsed,43,
team-06/Apac/Aganga-HC-III/Aganga HC II-sample photos.docx,no_asset_rows,0,
team-06/Apac/Apac-Seed-Secondary-School/APAC Seed School.docx,parsed,29,
team-06/Apac/Arocha-HC-III/ARONCHA HC III.docx,parsed,188,
team-06/Apac/Kidilani-HC-III/KIDLANI HC III-sample photos_.docx,no_asset_rows,0,
team-06/Apac/Kungu-HC-III/KUNGU HCIII.docx,parsed,151,
team-06/Apac/Olelpek-HC-III/OLEPEK HC III.docx,parsed,193,
team-06/Kwania/Aduku-Seed-Secondary-School/ADUKU Seed Secondary school.DTB..docx,parsed,16,
team-06/Kwania/Akali-HC-III/AKALI HC III-sample photos_.docx,no_asset_rows,0,
team-06/Kwania/Owiny-HC-III/OWINY HEALTH CENTRE III.docx,parsed,57,
team-07/_team-documents/DENNIS ECELL SHHETS HEALTH TEAM SEVEN.xlsx,parsed,935,
team-07/_team-documents/SCHOOLS FOR TEAM SEVEN DTB.xlsx,parsed,2190,
team-07/_team-documents/TEAM SEVEN HEALTH CENTRES DTB.xlsx,parsed,936,
team-07/Alebtong/Abia-HC-III/ABIA HC III.docx,parsed,81,
team-07/Alebtong/Adwir-HC-III/ADWIR HEALTH CENTER III.docx,parsed,71,
team-07/Alebtong/Anara-HC-III/ANARA HC III.docx,parsed,59,
team-07/Alebtong/Angetta-HC-III/ANGETTA HC III.docx,parsed,68,
team-07/Alebtong/Awei-HC-III/AWEI HC 111.Alebtong District..docx,parsed,66,
team-07/Dokolo/Abalang-HC-III/ABALANG HEALTH CENTER III $ ADEKNINO SEED.docx,parsed,85,
team-07/Dokolo/Adagmon-HC-III/Adagmon health center III Mercy DTB.docx,parsed,55,
team-07/Dokolo/Adagmon-HC-III/ADAGMON HEALTH CENTER III.docx,parsed,55,
team-07/Dokolo/Adok-HC-III/ADOK HC III.docx,parsed,72,
team-07/Dokolo/Amwoma-HC-III/AMWOMA HC III.docx,parsed,68,
team-07/Dokolo/Anyacoto-HC-III/ANYACOTO HEALTH CENTER III.docx,parsed,69,
team-07/Dokolo/Awelo-HC-III/AWELO Health Centre 111..docx,parsed,69,
team-07/Dokolo/Te-Tugu-HC-III/TE-TUGU HC III ..docx,parsed,102,
team-07/Otuke/Alango-HC-III/ALANGO (1) HC 111.docx,parsed,80,
team-07/Otuke/Ogwete-HC-III/OGWETE HC III.docx,parsed,81,
team-08/_team-documents/TEAM EIGHT HOSPITAL FACILITIES.xlsx,parsed,962,
team-08/_team-documents/TEAM EIGHT SCHOOLS DTB 2.xlsx,parsed,2445,
team-08/Amuria/Abeko-HC-III/ABEKO HC IIIASSET VERIFICATION AND RECORDING TOOL KIT 222.docx,parsed,81,
team-08/Amuria/Akeriau-HC-III/AKERIAU HC IIIASSET VERIFICATION AND RECORDING TOOL KIT 222.docx,parsed,80,
team-08/Amuria/Alere-HC-III/ALERE HC 111D.docx,parsed,80,
"team-08/Amuria/Asamuk-Seed-Secondary-School/asamuk,wera  ASSET VERIFICATION AND RECORDING TOOL KIT 222-1edit.docx",parsed,104,
team-08/Amuria/Golokwara-HC-III/Golokwara ASSET VERIFICATION AND RECORDING TOOL KIT 222-1.docx,parsed,82,
team-08/Kapelebyong/Aeket-HC-III/AEKET HCIII ASSET VERIFICATION AND RECORDING TOOL KIT 222.docx,parsed,83,
team-08/Kapelebyong/Akoromit-HC-III/AKOROMIT HEALTH CENTRE III ASSET VERIFICATION AND RECORDING TOOL KIT 222.docx,parsed,78,
team-08/Kapelebyong/Alito-HC-III/alito hc III.docx,parsed,81,
team-08/Katakwi/Akoboi-HC-III/AKOBOI HC III.docx,parsed,81,
team-08/Katakwi/Aliakamer-HC-III/ALIAKAMER HCIII & TOROMA SEED SCHOOL ASSET VERIFICATION AND RECORDING TOOL KIT 222.docx,parsed,126,
team-08/Katakwi/Koritok-HC-III/KORITOK HC III AND PALAM SEED SS ASSET VERIFICATION AND RECORDING TOOL KIT 222-1.docx,parsed,149,
team-08/Serere/Aarapoo-HC-III/AARAPOO HC III and OLIO SEED  ASSET VERIFICATION AND RECORDING TOOL KIT 222.docx,parsed,142,
team-08/Serere/Kagwara-HC-III/kagwara HC III and school-2.docx,parsed,184,
team-08/Serere/Kamod-HC-III/KAMOD HSC III ASSET VERIFICATION AND RECORDING TOOL KIT 222.docx,parsed,81,
team-08/Serere/Oburin-HC-III/OBURIN HC III.docx,parsed,8,
team-08/Soroti/Asuret-Seed-Secondary-School/ASURET SEED SS ASSET VERIFICATION AND RECORDING TOOL KIT 222.docx,parsed,52,
team-08/Soroti/Kamuda-Seed-Secondary-School/SOROTI BLOOD  BANK & KAMUDA SEED SCH ASSET VERIFICATION AND RECORDING TOOL KIT 222.docx,parsed,93,
team-09/_team-documents/TEAM NINE HOSPITALS EXCELL DTB.xlsx,parsed,317,
team-09/_team-documents/TEAM NINE SCHOOLS DTB.xlsx,parsed,3741,
team-09/Bukedea/Akuoro-HC-III/AKUORO HC III.docx,parsed,55,
team-09/Bukedea/Kabarwa-Seed-Secondary-School/MALERA KABARWA SEED DECONDARY SCHOOL.docx,parsed,108,
team-09/Bukedea/Kangole-HC-III/KANGOLE HEALTH CENTRE III ASSET VERIFICATION AND RECORDING TOOL KIT 222.docx,parsed,10,
team-09/Bukedea/Nalugai-HC-III/NALUGAI HC III.docx,parsed,60,
team-09/Bukedea/Tajar-HC-III/TAJAR HEALTH CENTRE III.docx,parsed,62,
team-09/Butebo/Kachuru-HC-III/kachuru health centre III.docx,parsed,76,
team-09/Butebo/Kanginima-Seed-Secondary-School/CONTACTS OF PERSONS VISITED AT KANGINIMA SEED SCHOOL.docx,no_asset_rows,0,
team-09/Butebo/Kanginima-Seed-Secondary-School/KANGINIMA SEED SECONDRY SCHOOL.docx,parsed,26,
team-09/Butebo/Kanyumu-HC-III/KANYUMU HEALTH CENTRE III.docx,parsed,49,
team-09/Kaberamaido/Aperikira-Seed-Secondary-School/APERIKIRA SEED SCHOOL ASSET VERIFICATION.docx,parsed,99,
team-09/Kalaki/Apapai-Seed-Secondary-School/APAPAI ASSET REGISTER 2026.xlsx,parsed,1533,
team-09/Kalaki/Apapai-Seed-Secondary-School/apapai seed secondary school.docx,parsed,28,
team-09/Kalaki/Kakure-Seed-Secondary-School/KAKURE SEED SCHOOL.docx,parsed,24,
team-09/Kumi/Dr-Aporu-Okol-Seed-Secondary-School/DR APORU-OKOL MEMORIAL SS.docx,parsed,34,
team-09/Kumi/Kumi-Seed-Secondary-School/KUMI SEED SECONDARY SCHOOL.docx,parsed,33,
team-09/Ngora/_district-documents/NGORA DLG ASSET REGISTER UGIFT.xlsx,no_asset_rows,0,
team-09/Pallisa/_district-documents/PALLISA DLG UGIFT ASSETS REGISTAR (2).xls,parsed,3071,
team-09/Pallisa/_district-documents/PALLISA DLG UGIFT ASSETS REGISTAR.xls,parsed,3071,
team-09/Pallisa/Akadot-Seed-Secondary-School/akadot seed secondary school.docx,parsed,34,
team-09/Pallisa/Olok-Seed-Secondary-School/OLOK SEED SECONDARY SCHOOL.docx,parsed,33,
team-10/_team-documents/Amudat-team-10-daily-log.docx,no_asset_rows,0,
team-10/_team-documents/Moroto-team-10-daily-log.docx,no_asset_rows,0,
team-10/_team-documents/Nabilatuk-team-10-daily-log.docx,no_asset_rows,0,
team-10/_team-documents/Nakapiripirit-team-10-daily-log.docx,no_asset_rows,0,
team-10/_team-documents/Napak-team-10-daily-log.docx,no_asset_rows,0,
team-10/_team-documents/team-10-process-report (2).docx,no_asset_rows,0,
team-10/_team-documents/team-10-process-report.docx,no_asset_rows,0,
team-10/Amudat/_district-documents/Amudat-LG-asset-register-review.docx,no_asset_rows,0,
team-10/Amudat/_district-documents/Amudat-LG-courtesy-call.docx,no_asset_rows,0,
team-10/Amudat/_district-documents/Amudat-local-government-report.docx,no_asset_rows,0,
team-10/Amudat/Kalita-Seed-School/Amudat-school-Kalita-Seed-School.docx,no_asset_rows,0,
team-10/Amudat/Kalita-Seed-School/Asset-Verification-Toolkit.docx,parsed,52,
team-10/Amudat/Looro-Seed-Secondary-School/Amudat-school-Looro-Seed-Secondary-School.docx,no_asset_rows,0,
team-10/Amudat/Looro-Seed-Secondary-School/Asset-Verification-Toolkit.docx,parsed,16,
team-10/Moroto/_district-documents/Moroto-LG-asset-register-review.docx,no_asset_rows,0,
team-10/Moroto/_district-documents/Moroto-LG-courtesy-call.docx,no_asset_rows,0,
team-10/Moroto/_district-documents/Moroto-local-government-report.docx,no_asset_rows,0,
team-10/Moroto/Kalemungole-HC-III/Asset-Verification-Toolkit.docx,parsed,53,
team-10/Moroto/Kalemungole-HC-III/Moroto-health-centre-Kalemungole-HC-III.docx,no_asset_rows,0,
team-10/Moroto/Katikekire-Seed-School/Asset-Verification-Toolkit.docx,parsed,1,
team-10/Moroto/Katikekire-Seed-School/Moroto-school-Katikekire-Seed-School.docx,no_asset_rows,0,
team-10/Moroto/Rupa-Seed-School/Asset-Verification-Toolkit.docx,parsed,27,
team-10/Moroto/Rupa-Seed-School/Moroto-school-Rupa-Seed-School.docx,no_asset_rows,0,
team-10/Nabilatuk/_district-documents/Nabilatuk-LG-asset-register-review.docx,no_asset_rows,0,
team-10/Nabilatuk/_district-documents/Nabilatuk-LG-courtesy-call.docx,no_asset_rows,0,
team-10/Nabilatuk/_district-documents/Nabilatuk-local-government-report.docx,no_asset_rows,0,
team-10/Nabilatuk/Lolachat-Seed-School/Asset-Verification-Toolkit.docx,parsed,24,
team-10/Nabilatuk/Lolachat-Seed-School/Nabilatuk-school-Lolachat-Seed-School.docx,no_asset_rows,0,
team-10/Nakapiripirit/_district-documents/Nakapiripirit-LG-asset-register-review.docx,no_asset_rows,0,
team-10/Nakapiripirit/_district-documents/Nakapiripirit-LG-courtesy-call.docx,no_asset_rows,0,
team-10/Nakapiripirit/_district-documents/Nakapiripirit-LG-officer-interviews.docx,no_asset_rows,0,
team-10/Nakapiripirit/_district-documents/Nakapiripirit-local-government-report.docx,no_asset_rows,0,
team-10/Nakapiripirit/Moruita-Seed-Secondary-School/Asset-Verification-Toolkit.docx,parsed,19,
team-10/Nakapiripirit/Moruita-Seed-Secondary-School/Nakapiripirit-school-Moruita-Seed-Secondary-School.docx,no_asset_rows,0,
team-10/Nakapiripirit/Nakapiripirit-Seed-School/Asset-Verification-Toolkit.docx,parsed,30,
team-10/Nakapiripirit/Nakapiripirit-Seed-School/Nakapiripirit-school-Nakapiripirit-Seed-School.docx,no_asset_rows,0,
team-10/Napak/_district-documents/Napak-LG-asset-register-review.docx,no_asset_rows,0,
team-10/Napak/_district-documents/Napak-LG-courtesy-call.docx,no_asset_rows,0,
team-10/Napak/_district-documents/Napak-local-government-report.docx,no_asset_rows,0,
team-10/Napak/Iriiri-Seed-Secondary-School/Asset-Verification-Toolkit.docx,parsed,5,
team-10/Napak/Iriiri-Seed-Secondary-School/Napak-school-Iriiri-Seed-Secondary-School.docx,no_asset_rows,0,
team-10/Napak/Lopei-Seed-Secondary-School/Asset-Verification-Toolkit.docx,parsed,14,
team-10/Napak/Lopei-Seed-Secondary-School/Napak-school-Lopei-Seed-Secondary-School.docx,no_asset_rows,0,
team-10/Napak/Napak-Seed-Secondary-School/Asset-Verification-Toolkit.docx,parsed,85,
team-10/Napak/Napak-Seed-Secondary-School/Napak-school-Napak-Seed-Secondary-School.docx,no_asset_rows,0,
team-11/_team-documents/Abim-team-11-daily-log.docx,no_asset_rows,0,
team-11/_team-documents/Kaabong-team-11-daily-log.docx,no_asset_rows,0,
team-11/_team-documents/Karenga-team-11-daily-log.docx,no_asset_rows,0,
team-11/_team-documents/Kotido-team-11-daily-log.docx,no_asset_rows,0,
team-11/_team-documents/team-11-process-report.docx,no_asset_rows,0,
team-11/Abim/_district-documents/Abim-LG-asset-register-review.docx,no_asset_rows,0,
team-11/Abim/_district-documents/Abim-local-government-report.docx,no_asset_rows,0,
team-11/Abim/_district-documents/team-field-report-abim.docx,no_asset_rows,0,
team-11/Abim/Alerek-Seed-Secondary-School/Abim-school-Alerek-Seed-Secondary-School.docx,no_asset_rows,0,
team-11/Abim/Alerek-Seed-Secondary-School/Asset-Verification-Toolkit.docx,parsed,22,
team-11/Abim/Magamaga-Seed-School/Abim-school-Magamaga-Seed-School.docx,no_asset_rows,0,
team-11/Abim/Magamaga-Seed-School/Asset-Verification-Toolkit.docx,parsed,2,
team-11/Abim/Nakwae-Seed-School/Abim-school-Nakwae-Seed-School.docx,no_asset_rows,0,
team-11/Abim/Nakwae-Seed-School/Asset-Verification-Toolkit.docx,no_asset_rows,0,
team-11/Kaabong/_district-documents/Kaabong-LG-asset-register-review.docx,no_asset_rows,0,
team-11/Kaabong/_district-documents/Kaabong-local-government-report.docx,no_asset_rows,0,
team-11/Kaabong/_district-documents/team-field-report-kaabong.docx,no_asset_rows,0,
team-11/Kaabong/Sidok-Seed-Secondary-School/Asset-Verification-Toolkit.docx,parsed,5,
team-11/Kaabong/Sidok-Seed-Secondary-School/Kaabong-school-Sidok-Seed-Secondary-School.docx,no_asset_rows,0,
team-11/Karenga/_district-documents/Karenga-LG-asset-register-review.docx,no_asset_rows,0,
team-11/Karenga/_district-documents/Karenga-local-government-report.docx,no_asset_rows,0,
team-11/Karenga/_district-documents/team-field-report-kapedo-lokori.docx,no_asset_rows,0,
team-11/Karenga/Kalimon-HC-III/Asset-Verification-Toolkit.docx,parsed,18,
team-11/Karenga/Kalimon-HC-III/Karenga-health-centre-Kalimon-HC-III.docx,no_asset_rows,0,
team-11/Karenga/Kalimon-HC-III/team-field-report.docx,no_asset_rows,0,
team-11/Karenga/Kapedo-Seed-Secondary-School/Asset-Verification-Toolkit.docx,parsed,1,
team-11/Karenga/Kapedo-Seed-Secondary-School/Karenga-school-Kapedo-Seed-Secondary-School.docx,no_asset_rows,0,
team-11/Karenga/Lokori-Seed-Secondary-School/Asset-Verification-Toolkit.docx,parsed,1,
team-11/Karenga/Lokori-Seed-Secondary-School/Karenga-school-Lokori-Seed-Secondary-School.docx,no_asset_rows,0,
team-11/Kotido/_district-documents/Kotido-LG-asset-register-review.docx,no_asset_rows,0,
team-11/Kotido/_district-documents/Kotido-LG-courtesy-call.docx,no_asset_rows,0,
team-11/Kotido/_district-documents/Kotido-local-government-report.docx,no_asset_rows,0,
team-11/Kotido/_district-documents/team-field-report-kotido.docx,no_asset_rows,0,
team-11/Kotido/Kamoru-HC-III/Asset-Verification-Toolkit.docx,parsed,26,
team-11/Kotido/Kamoru-HC-III/Kotido-health-centre-Kamoru-HC-III.docx,no_asset_rows,0,
team-11/Kotido/Panyangara-Seed-Secondary-School/Asset-Verification-Toolkit.docx,parsed,8,
team-11/Kotido/Panyangara-Seed-Secondary-School/Kotido-school-Panyangara-Seed-Secondary-School.docx,no_asset_rows,0,
team-11/Kotido/Rengen-Seed-School/Asset-Verification-Toolkit.docx,parsed,5,
team-11/Kotido/Rengen-Seed-School/Kotido-school-Rengen-Seed-School.docx,no_asset_rows,0,
team-12/_team-documents/Budaka-team-12-daily-log.docx,no_asset_rows,0,
team-12/_team-documents/Butaleja-team-12-daily-log.docx,no_asset_rows,0,
team-12/_team-documents/Kibuku-team-12-daily-log.docx,no_asset_rows,0,
team-12/_team-documents/Mbale-team-12-daily-log.docx,no_asset_rows,0,
team-12/_team-documents/team-12-process-report.docx,no_asset_rows,0,
team-12/Budaka/_district-documents/Budaka-LG-asset-register-review.docx,no_asset_rows,0,
team-12/Budaka/_district-documents/Budaka-local-government-report.docx,no_asset_rows,0,
team-12/Budaka/Kakule-Seed-Secondary-School/Asset-Verification-Toolkit.docx,parsed,20,
team-12/Budaka/Kakule-Seed-Secondary-School/Budaka-school-Kakule-Seed-Secondary-School.docx,no_asset_rows,0,
team-12/Budaka/Kamonkoli-Seed-Secondary-School/Asset-Verification-Toolkit.docx,parsed,19,
team-12/Budaka/Kamonkoli-Seed-Secondary-School/Budaka-school-Kamonkoli-Seed-Secondary-School.docx,no_asset_rows,0,
team-12/Budaka/Mugiti-Seed-Secondary-School/Asset-Verification-Toolkit.docx,parsed,16,
team-12/Budaka/Mugiti-Seed-Secondary-School/Budaka-school-Mugiti-Seed-Secondary-School.docx,no_asset_rows,0,
team-12/Budaka/Namusita-HC-III/Asset-Verification-Toolkit.docx,parsed,60,
team-12/Budaka/Namusita-HC-III/Budaka-health-centre-Namusita-HC-III.docx,no_asset_rows,0,
team-12/Budaka/Nansanga-Seed-Secondary-School/Asset-Verification-Toolkit.docx,parsed,11,
team-12/Budaka/Nansanga-Seed-Secondary-School/Budaka-school-Nansanga-Seed-Secondary-School.docx,no_asset_rows,0,
team-12/Butaleja/_district-documents/Butaleja-LG-asset-register-review.docx,no_asset_rows,0,
team-12/Butaleja/_district-documents/Butaleja-local-government-report.docx,no_asset_rows,0,
team-12/Butaleja/Mazimasa-HC-III/Asset-Verification-Toolkit.docx,parsed,74,
team-12/Butaleja/Mazimasa-HC-III/Butaleja-health-centre-Mazimasa-HC-III.docx,no_asset_rows,0,
team-12/Butaleja/Muhula-Seed-Secondary-School/Asset-Verification-Toolkit.docx,parsed,28,
team-12/Butaleja/Muhula-Seed-Secondary-School/Butaleja-school-Muhula-Seed-Secondary-School.docx,no_asset_rows,0,
team-12/Butaleja/Nakwasi-Seed-Secondary-School/Asset-Verification-Toolkit.docx,parsed,18,
team-12/Butaleja/Nakwasi-Seed-Secondary-School/Butaleja-school-Nakwasi-Seed-Secondary-School.docx,no_asset_rows,0,
team-12/Kibuku/_district-documents/Kibuku-LG-asset-register-review.docx,no_asset_rows,0,
team-12/Kibuku/_district-documents/Kibuku-LG-courtesy-call.docx,no_asset_rows,0,
team-12/Kibuku/_district-documents/Kibuku-local-government-report.docx,no_asset_rows,0,
team-12/Kibuku/_district-documents/LG-asset-register_Kibuku-assets.xlsx,parsed,169,
team-12/Kibuku/_district-documents/LG-asset-register_Kibuku-IFMS-assets.xlsx,parsed,24,
team-12/Kibuku/Kabweri-HC-III/Asset-Verification-Toolkit.docx,parsed,8,
team-12/Kibuku/Kabweri-HC-III/Kibuku-health-centre-Kabweri-HC-III.docx,no_asset_rows,0,
team-12/Kibuku/Kabweri-Seed-Secondary-School/Asset-Verification-Toolkit.docx,parsed,13,
team-12/Kibuku/Kabweri-Seed-Secondary-School/Kibuku-school-Kabweri-Seed-Secondary-School.docx,no_asset_rows,0,
team-12/Kibuku/Kasasira-Seed-Secondary-School/Asset-Verification-Toolkit.docx,parsed,28,
team-12/Kibuku/Kasasira-Seed-Secondary-School/Kibuku-school-Kasasira-Seed-Secondary-School.docx,no_asset_rows,0,
team-12/Kibuku/Lwatama-HC-III/Asset-Verification-Toolkit.docx,parsed,9,
team-12/Kibuku/Lwatama-HC-III/Kibuku-health-centre-Lwatama-HC-III.docx,no_asset_rows,0,
team-12/Kibuku/Nalubembe-HC-III/Asset-Verification-Toolkit.docx,parsed,8,
team-12/Kibuku/Nalubembe-HC-III/Kibuku-health-centre-Nalubembe-HC-III.docx,no_asset_rows,0,
team-12/Kibuku/St-Johns-Seed-Secondary-School-Kirika/Asset-Verification-Toolkit.docx,parsed,4,
team-12/Kibuku/St-Johns-Seed-Secondary-School-Kirika/Kibuku-school-St-Johns-Seed-Secondary-School-Kirika.docx,no_asset_rows,0,
team-12/Mbale/_district-documents/Mbale-LG-asset-register-review.docx,no_asset_rows,0,
team-12/Mbale/_district-documents/Mbale-local-government-report.docx,no_asset_rows,0,
team-12/Mbale/Bubentsye-Seed-Secondary-School/Asset-Verification-Toolkit.docx,parsed,17,
team-12/Mbale/Bubentsye-Seed-Secondary-School/Mbale-school-Bubentsye-Seed-Secondary-School.docx,no_asset_rows,0,
team-12/Mbale/Lwasso-Seed-Secondary-School/Asset-Verification-Toolkit.docx,parsed,17,
team-12/Mbale/Lwasso-Seed-Secondary-School/Mbale-school-Lwasso-Seed-Secondary-School.docx,no_asset_rows,0,
team-13/_team-documents/Busia-Mc-team-13-daily-log.docx,no_asset_rows,0,
team-13/_team-documents/Busia-team-13-daily-log.docx,no_asset_rows,0,
team-13/_team-documents/CAOs-and-TCs-list-1st-July-2026.docx,no_asset_rows,0,
team-13/_team-documents/Manafwa-team-13-daily-log.docx,no_asset_rows,0,
team-13/_team-documents/Namisindwa-team-13-daily-log.docx,no_asset_rows,0,
team-13/_team-documents/team-13-process-report.docx,no_asset_rows,0,
team-13/_team-documents/Tororo-Mc-team-13-daily-log.docx,no_asset_rows,0,
team-13/_team-documents/Tororo-team-13-daily-log.docx,no_asset_rows,0,
team-13/Busia MC/_district-documents/Busia-Mc-LG-asset-register-review.docx,no_asset_rows,0,
team-13/Busia MC/_district-documents/Busia-Mc-local-government-report.docx,no_asset_rows,0,
team-13/Busia/_district-documents/10_lg-revised-asset-forms_ref-busia-lg.xlsx,parsed,626,
team-13/Busia/_district-documents/Busia-LG-asset-register-review.docx,no_asset_rows,0,
team-13/Busia/_district-documents/Busia-LG-courtesy-call.docx,no_asset_rows,0,
team-13/Busia/_district-documents/Busia-LG-officer-interviews.docx,no_asset_rows,0,
team-13/Busia/_district-documents/Busia-local-government-report.docx,no_asset_rows,0,
team-13/Busia/Bumunji-HC-III/Asset-Verification-Toolkit.docx,parsed,80,
team-13/Busia/Bumunji-HC-III/Busia-health-centre-Bumunji-HC-III.docx,no_asset_rows,0,
team-13/Busia/Buwembe-HC-III/Asset-Verification-Toolkit.docx,parsed,77,
team-13/Busia/Buwembe-HC-III/Busia-health-centre-Buwembe-HC-III.docx,no_asset_rows,0,
team-13/Busia/Buwumba-HC-III/Asset-Verification-Toolkit.docx,parsed,73,
team-13/Busia/Buwumba-HC-III/Busia-health-centre-Buwumba-HC-III.docx,no_asset_rows,0,
team-13/Busia/Majanji-HC-III/Asset-Verification-Toolkit.docx,parsed,74,
team-13/Busia/Majanji-HC-III/Busia-health-centre-Majanji-HC-III.docx,no_asset_rows,0,
team-13/Busia/Sikuda-HC-III/Asset-Verification-Toolkit.docx,parsed,80,
team-13/Busia/Sikuda-HC-III/Busia-health-centre-Sikuda-HC-III.docx,no_asset_rows,0,
team-13/Busia/Sikuda-Seed-Secondary-School/Asset-Verification-Toolkit.docx,parsed,22,
team-13/Busia/Sikuda-Seed-Secondary-School/Busia-school-Sikuda-Seed-Secondary-School.docx,no_asset_rows,0,
team-13/Manafwa/_district-documents/Manafwa-LG-asset-register-review.docx,no_asset_rows,0,
team-13/Manafwa/_district-documents/Manafwa-local-government-report.docx,no_asset_rows,0,
team-13/Manafwa/Bukimanayi-HC-III/Asset-Verification-Toolkit.docx,parsed,73,
team-13/Manafwa/Bukimanayi-HC-III/Manafwa-health-centre-Bukimanayi-HC-III.docx,no_asset_rows,0,
team-13/Manafwa/Butta/Asset-Verification-Toolkit.docx,parsed,23,
team-13/Manafwa/Butta/Manafwa-school-Butta.docx,no_asset_rows,0,
team-13/Manafwa/Buwagogo-Seed-School/Asset-Verification-Toolkit.docx,parsed,29,
team-13/Manafwa/Buwagogo-Seed-School/Manafwa-school-Buwagogo-Seed-School.docx,no_asset_rows,0,
team-13/Manafwa/Khabutoola/Asset-Verification-Toolkit.docx,parsed,27,
team-13/Manafwa/Khabutoola/Manafwa-school-Khabutoola.docx,no_asset_rows,0,
team-13/Manafwa/Sibanga-Seed-School/Asset-Verification-Toolkit.docx,parsed,26,
team-13/Manafwa/Sibanga-Seed-School/Manafwa-school-Sibanga-Seed-School.docx,no_asset_rows,0,
team-13/Manafwa/Sisuni/Asset-Verification-Toolkit.docx,parsed,13,
team-13/Manafwa/Sisuni/Manafwa-school-Sisuni.docx,no_asset_rows,0,
team-13/Namisindwa/_district-documents/Namisindwa-LG-asset-register-review.docx,no_asset_rows,0,
team-13/Namisindwa/_district-documents/Namisindwa-local-government-report.docx,no_asset_rows,0,
team-13/Namisindwa/Mukuto-Seed-School/Asset-Verification-Toolkit.docx,parsed,27,
team-13/Namisindwa/Mukuto-Seed-School/Namisindwa-school-Mukuto-Seed-School.docx,no_asset_rows,0,
team-13/Namisindwa/Namboko/Asset-Verification-Toolkit.docx,parsed,30,
team-13/Namisindwa/Namboko/Namisindwa-school-Namboko.docx,no_asset_rows,0,
team-13/Tororo MC/_district-documents/Tororo-Mc-LG-asset-register-review.docx,no_asset_rows,0,
team-13/Tororo MC/_district-documents/Tororo-Mc-local-government-report.docx,no_asset_rows,0,
team-13/Tororo MC/Kyamwinula-HC-III/111_facility-equipment-inventory_ref-kyamwinula.xls,parsed,726,
team-13/Tororo MC/Kyamwinula-HC-III/Asset-Verification-Toolkit.docx,parsed,77,
team-13/Tororo MC/Kyamwinula-HC-III/Tororo-Mc-health-centre-Kyamwinula-HC-III.docx,no_asset_rows,0,
team-13/Tororo/_district-documents/01_lg-seed-school-asset-register-2025-26_ref-tororo-dlg.xlsx,parsed,911,
team-13/Tororo/_district-documents/Tororo-LG-asset-register-review.docx,no_asset_rows,0,
team-13/Tororo/_district-documents/Tororo-LG-courtesy-call.docx,no_asset_rows,0,
team-13/Tororo/_district-documents/Tororo-local-government-report.docx,no_asset_rows,0,
team-13/Tororo/Iyolwa/Asset-Verification-Toolkit.docx,parsed,29,
team-13/Tororo/Iyolwa/Tororo-school-Iyolwa.docx,no_asset_rows,0,
team-13/Tororo/Kamuli-HC-III/Asset-Verification-Toolkit.docx,parsed,75,
team-13/Tororo/Kamuli-HC-III/Tororo-health-centre-Kamuli-HC-III.docx,no_asset_rows,0,
team-13/Tororo/Malaba-Seed-School/Asset-Verification-Toolkit.docx,parsed,34,
team-13/Tororo/Malaba-Seed-School/Tororo-school-Malaba-Seed-School.docx,no_asset_rows,0,
team-13/Tororo/Namwaya-HC-III/Asset-Verification-Toolkit.docx,parsed,76,
team-13/Tororo/Namwaya-HC-III/Tororo-health-centre-Namwaya-HC-III.docx,no_asset_rows,0,
team-13/Tororo/Sop-Sop-HC-III/88_facility-fixed-asset-register_ref-sopsop.xls,parsed,632,
team-13/Tororo/Sop-Sop-HC-III/Asset-Verification-Toolkit.docx,parsed,70,
team-13/Tororo/Sop-Sop-HC-III/Tororo-health-centre-Sop-Sop-HC-III.docx,no_asset_rows,0,
team-13/Tororo/Sop-Sop/Asset-Verification-Toolkit.docx,parsed,30,
team-13/Tororo/Sop-Sop/Tororo-school-Sop-Sop.docx,no_asset_rows,0,
team-14/_team-documents/Bududa-team-14-daily-log.docx,no_asset_rows,0,
team-14/_team-documents/Bulambuli-team-14-daily-log.docx,no_asset_rows,0,
team-14/_team-documents/Sironko-team-14-daily-log.docx,no_asset_rows,0,
team-14/_team-documents/team-14-process-report.docx,no_asset_rows,0,
team-14/Bududa/_district-documents/Bududa-LG-asset-register-review.docx,no_asset_rows,0,
team-14/Bududa/_district-documents/Bududa-LG-courtesy-call.docx,no_asset_rows,0,
team-14/Bududa/_district-documents/Bududa-LG-officer-interviews.docx,no_asset_rows,0,
team-14/Bududa/_district-documents/Bududa-local-government-report.docx,no_asset_rows,0,
team-14/Bududa/Bubungi-HC-III/Asset-Verification-Toolkit.docx,parsed,77,
team-14/Bududa/Bubungi-HC-III/Bududa-health-centre-Bubungi-HC-III.docx,no_asset_rows,0,
team-14/Bududa/Bubungi-HC-III/team-field-note.docx,no_asset_rows,0,
team-14/Bududa/Bududa-HC-III/Asset-Verification-Toolkit.docx,parsed,76,
team-14/Bududa/Bududa-HC-III/Bududa-health-centre-Bududa-HC-III.docx,no_asset_rows,0,
team-14/Bududa/Bududa-HC-III/team-field-note.docx,no_asset_rows,0,
team-14/Bududa/Bumusi-HC-III/Asset-Verification-Toolkit.docx,parsed,75,
team-14/Bududa/Bumusi-HC-III/Bududa-health-centre-Bumusi-HC-III.docx,no_asset_rows,0,
team-14/Bududa/Bumusi-HC-III/facility-inventory-register.docx,parsed,90,
team-14/Bududa/Bumusi-HC-III/team-field-note.docx,no_asset_rows,0,
team-14/Bududa/Bunamono-HC-III/25_facility-asset-register_ref20260906-bunamono-hciii.xlsx,parsed,297,
team-14/Bududa/Bunamono-HC-III/Asset-Verification-Toolkit.docx,parsed,76,
team-14/Bududa/Bunamono-HC-III/Bududa-health-centre-Bunamono-HC-III.docx,no_asset_rows,0,
team-14/Bududa/Bunamono-HC-III/team-field-note.docx,no_asset_rows,0,
team-14/Bududa/Bushiribo-Seed-Secondary-School/Bududa-school-Bushiribo-Seed-Secondary-School.docx,no_asset_rows,0,
team-14/Bududa/Bushiribo-Seed-Secondary-School/team-field-note.docx,no_asset_rows,0,
team-14/Bududa/Nakatsi-Seed-Secondary-School/Asset-Verification-Toolkit.docx,parsed,47,
team-14/Bududa/Nakatsi-Seed-Secondary-School/Bududa-school-Nakatsi-Seed-Secondary-School.docx,no_asset_rows,0,
team-14/Bududa/Nakatsi-Seed-Secondary-School/team-field-note.docx,no_asset_rows,0,
team-14/Bulambuli/_district-documents/Bulambuli-LG-asset-register-review.docx,no_asset_rows,0,
team-14/Bulambuli/_district-documents/Bulambuli-LG-courtesy-call.docx,no_asset_rows,0,
team-14/Bulambuli/_district-documents/Bulambuli-LG-officer-interviews.docx,no_asset_rows,0,
team-14/Bulambuli/_district-documents/Bulambuli-local-government-report.docx,no_asset_rows,0,
team-14/Bulambuli/Bukibologoto-HC-II/Bulambuli-health-centre-Bukibologoto-HC-II.docx,no_asset_rows,0,
team-14/Bulambuli/Bulaago-HC-III/Asset-Verification-Toolkit.docx,parsed,84,
team-14/Bulambuli/Bulaago-HC-III/Bulambuli-health-centre-Bulaago-HC-III.docx,no_asset_rows,0,
team-14/Bulambuli/Bulaago-HC-III/team-field-note.docx,no_asset_rows,0,
team-14/Bulambuli/Bumufuni-Seed-Secondary-School/Asset-Verification-Toolkit.docx,no_asset_rows,0,
team-14/Bulambuli/Bumufuni-Seed-Secondary-School/Bulambuli-school-Bumufuni-Seed-Secondary-School.docx,no_asset_rows,0,
team-14/Bulambuli/Bumugibole-HC-III/Asset-Verification-Toolkit.docx,parsed,76,
team-14/Bulambuli/Bumugibole-HC-III/Bulambuli-health-centre-Bumugibole-HC-III.docx,no_asset_rows,0,
team-14/Bulambuli/Bumugibole-HC-III/team-field-note.docx,no_asset_rows,0,
team-14/Bulambuli/Bunangaka-HC-III/Asset-Verification-Toolkit.docx,parsed,88,
team-14/Bulambuli/Bunangaka-HC-III/Bulambuli-health-centre-Bunangaka-HC-III.docx,no_asset_rows,0,
team-14/Bulambuli/Bunangaka-HC-III/team-field-note.docx,no_asset_rows,0,
team-14/Bulambuli/Bwikhonge-HC-III/Asset-Verification-Toolkit.docx,parsed,78,
team-14/Bulambuli/Bwikhonge-HC-III/Bulambuli-health-centre-Bwikhonge-HC-III.docx,no_asset_rows,0,
team-14/Bulambuli/Bwikhonge-HC-III/team-field-note.docx,no_asset_rows,0,
team-14/Bulambuli/Kamu-HC-III/Asset-Verification-Toolkit.docx,parsed,76,
team-14/Bulambuli/Kamu-HC-III/Bulambuli-health-centre-Kamu-HC-III.docx,no_asset_rows,0,
team-14/Bulambuli/Sisiyi-Seed-Secondary-School/Asset-Verification-Toolkit.docx,parsed,37,
team-14/Bulambuli/Sisiyi-Seed-Secondary-School/Bulambuli-school-Sisiyi-Seed-Secondary-School.docx,no_asset_rows,0,
team-14/Bulambuli/Sisiyi-Seed-Secondary-School/team-field-note.docx,no_asset_rows,0,
team-14/Sironko/_district-documents/Sironko-LG-asset-register-review.docx,no_asset_rows,0,
team-14/Sironko/_district-documents/Sironko-LG-courtesy-call.docx,no_asset_rows,0,
team-14/Sironko/_district-documents/Sironko-LG-officer-interviews.docx,no_asset_rows,0,
team-14/Sironko/_district-documents/Sironko-local-government-report.docx,no_asset_rows,0,
team-14/Sironko/_district-documents/team-field-report-sironko.docx,no_asset_rows,0,
team-14/Sironko/Bundege-HC-III/Asset-Verification-Toolkit.docx,parsed,84,
team-14/Sironko/Bundege-HC-III/Sironko-health-centre-Bundege-HC-III.docx,no_asset_rows,0,
team-14/Sironko/Bundege-HC-III/team-field-note.docx,no_asset_rows,0,
team-14/Sironko/Buteza-Seed-Secondary-School/Asset-Verification-Toolkit.docx,parsed,22,
team-14/Sironko/Buteza-Seed-Secondary-School/Sironko-school-Buteza-Seed-Secondary-School.docx,no_asset_rows,0,
team-14/Sironko/Buyaya-HC-II/01_note-on-the-district-substitution_ref20260906-buyaya-health-centre.docx,no_asset_rows,0,
team-14/Sironko/Buyaya-HC-II/Sironko-health-centre-Buyaya-HC-II.docx,no_asset_rows,0,
team-14/Sironko/Buyobo-HC-III/Asset-Verification-Toolkit.docx,parsed,76,
team-14/Sironko/Buyobo-HC-III/Sironko-health-centre-Buyobo-HC-III.docx,no_asset_rows,0,
team-14/Sironko/Mutufu-HC-III/Asset-Verification-Toolkit.docx,parsed,76,
team-14/Sironko/Mutufu-HC-III/Sironko-health-centre-Mutufu-HC-III.docx,no_asset_rows,0,
team-14/Sironko/Mutufu-HC-III/team-field-note.docx,no_asset_rows,0,
team-14/Sironko/Simu-Pondo-HC-III/Asset-Verification-Toolkit.docx,parsed,88,
team-14/Sironko/Simu-Pondo-HC-III/facility-inventory-register.docx,parsed,21,
team-14/Sironko/Simu-Pondo-HC-III/Sironko-health-centre-Simu-Pondo-HC-III.docx,no_asset_rows,0,
team-14/Sironko/St-Marys-Bugitimwa-Seed-Secondary-School/Asset-Verification-Toolkit.docx,parsed,34,
team-14/Sironko/St-Marys-Bugitimwa-Seed-Secondary-School/Sironko-school-St-Marys-Bugitimwa-Seed-Secondary-School.docx,no_asset_rows,0,
team-14/Sironko/St-Marys-Bugitimwa-Seed-Secondary-School/team-field-note.docx,no_asset_rows,0,
team-15/_team-documents/Bukwo-team-15-daily-log.docx,no_asset_rows,0,
team-15/_team-documents/Kapchorwa-Mc-team-15-daily-log.docx,no_asset_rows,0,
team-15/_team-documents/Kapchorwa-team-15-daily-log.docx,no_asset_rows,0,
team-15/_team-documents/Kween-team-15-daily-log.docx,no_asset_rows,0,
team-15/_team-documents/team-15-process-report.docx,no_asset_rows,0,
team-15/Bukwo/_district-documents/Bukwo-LG-asset-register-review.docx,no_asset_rows,0,
team-15/Bukwo/_district-documents/Bukwo-local-government-report.docx,no_asset_rows,0,
team-15/Bukwo/Amanang-HC-III/Asset-Verification-Toolkit.docx,parsed,72,
team-15/Bukwo/Amanang-HC-III/Bukwo-health-centre-Amanang-HC-III.docx,no_asset_rows,0,
team-15/Bukwo/Aralam-HC-III/Asset-Verification-Toolkit.docx,parsed,75,
team-15/Bukwo/Aralam-HC-III/Bukwo-health-centre-Aralam-HC-III.docx,no_asset_rows,0,
team-15/Bukwo/Brim-HC-III/Asset-Verification-Toolkit.docx,parsed,75,
team-15/Bukwo/Brim-HC-III/Bukwo-health-centre-Brim-HC-III.docx,no_asset_rows,0,
team-15/Bukwo/Chepkwasta-HC-III/Asset-Verification-Toolkit.docx,parsed,76,
team-15/Bukwo/Chepkwasta-HC-III/Bukwo-health-centre-Chepkwasta-HC-III.docx,no_asset_rows,0,
team-15/Bukwo/Kapkoros-HC-III/Asset-Verification-Toolkit.docx,parsed,76,
team-15/Bukwo/Kapkoros-HC-III/Bukwo-health-centre-Kapkoros-HC-III.docx,no_asset_rows,0,
team-15/Bukwo/Kaptererwo-Seed-Secondary-School/Asset-Verification-Toolkit.docx,parsed,21,
team-15/Bukwo/Kaptererwo-Seed-Secondary-School/Bukwo-school-Kaptererwo-Seed-Secondary-School.docx,no_asset_rows,0,
team-15/Bukwo/Kwirwot-HC-III/Asset-Verification-Toolkit.docx,parsed,83,
team-15/Bukwo/Kwirwot-HC-III/Bukwo-health-centre-Kwirwot-HC-III.docx,no_asset_rows,0,
team-15/Bukwo/Mutushet-HC-III/Asset-Verification-Toolkit.docx,parsed,77,
team-15/Bukwo/Mutushet-HC-III/Bukwo-health-centre-Mutushet-HC-III.docx,no_asset_rows,0,
team-15/Bukwo/Senendet-Seed-Secondary-School/Asset-Verification-Toolkit.docx,parsed,25,
team-15/Bukwo/Senendet-Seed-Secondary-School/Bukwo-school-Senendet-Seed-Secondary-School.docx,no_asset_rows,0,
team-15/Bukwo/Tulel-HC-III/Asset-Verification-Toolkit.docx,parsed,75,
team-15/Bukwo/Tulel-HC-III/Bukwo-health-centre-Tulel-HC-III.docx,no_asset_rows,0,
team-15/Kapchorwa MC/_district-documents/Kapchorwa-Mc-LG-asset-register-review.docx,no_asset_rows,0,
team-15/Kapchorwa MC/_district-documents/Kapchorwa-Mc-local-government-report.docx,no_asset_rows,0,
team-15/Kapchorwa MC/Kaplelko-HC-III/Asset-Verification-Toolkit.docx,parsed,72,
team-15/Kapchorwa MC/Kaplelko-HC-III/Kapchorwa-Mc-health-centre-Kaplelko-HC-III.docx,no_asset_rows,0,
team-15/Kapchorwa/_district-documents/Kapchorwa-LG-asset-register-review.docx,no_asset_rows,0,
team-15/Kapchorwa/_district-documents/Kapchorwa-local-government-report.docx,no_asset_rows,0,
team-15/Kapchorwa/Chemosong-HC-III/Asset-Verification-Toolkit.docx,parsed,49,
team-15/Kapchorwa/Chemosong-HC-III/Kapchorwa-health-centre-Chemosong-HC-III.docx,no_asset_rows,0,
team-15/Kapchorwa/Kabeywa-Seed-Secondary-School/Asset-Verification-Toolkit.docx,parsed,21,
team-15/Kapchorwa/Kabeywa-Seed-Secondary-School/Kapchorwa-school-Kabeywa-Seed-Secondary-School.docx,no_asset_rows,0,
team-15/Kapchorwa/Kaptanya-Seed-Secondary-School/Asset-Verification-Toolkit.docx,parsed,27,
team-15/Kapchorwa/Kaptanya-Seed-Secondary-School/Kapchorwa-school-Kaptanya-Seed-Secondary-School.docx,no_asset_rows,0,
team-15/Kapchorwa/Ngangatta-HC-III/Asset-Verification-Toolkit.docx,parsed,76,
team-15/Kapchorwa/Ngangatta-HC-III/Kapchorwa-health-centre-Ngangatta-HC-III.docx,no_asset_rows,0,
team-15/Kween/_district-documents/Kween-LG-asset-register-review.docx,no_asset_rows,0,
team-15/Kween/_district-documents/Kween-LG-courtesy-call.docx,no_asset_rows,0,
team-15/Kween/_district-documents/Kween-local-government-report.docx,no_asset_rows,0,
team-15/Kween/Atar-HC-III/Asset-Verification-Toolkit.docx,parsed,73,
team-15/Kween/Atar-HC-III/Kween-health-centre-Atar-HC-III.docx,no_asset_rows,0,
team-15/Kween/Benet-HC-III/Asset-Verification-Toolkit.docx,parsed,8,
team-15/Kween/Benet-HC-III/Kween-health-centre-Benet-HC-III.docx,no_asset_rows,0,
team-15/Kween/Kaptum-HC-III/Asset-Verification-Toolkit.docx,parsed,10,
team-15/Kween/Kaptum-HC-III/Kween-health-centre-Kaptum-HC-III.docx,no_asset_rows,0,
team-15/Kween/Kaptum-Seed-Secondary-School/Asset-Verification-Toolkit.docx,parsed,11,
team-15/Kween/Kaptum-Seed-Secondary-School/Kween-school-Kaptum-Seed-Secondary-School.docx,no_asset_rows,0,
team-15/Kween/Kitawoi-Seed-Secondary-School/Asset-Verification-Toolkit.docx,parsed,21,
team-15/Kween/Kitawoi-Seed-Secondary-School/Kween-school-Kitawoi-Seed-Secondary-School.docx,no_asset_rows,0,
team-15/Kween/Moyok-HC-III/Asset-Verification-Toolkit.docx,parsed,74,
team-15/Kween/Moyok-HC-III/Kween-health-centre-Moyok-HC-III.docx,no_asset_rows,0,
team-15/Kween/Moyok-Seed-Secondary-School/Asset-Verification-Toolkit.docx,parsed,8,
team-15/Kween/Moyok-Seed-Secondary-School/Kween-school-Moyok-Seed-Secondary-School.docx,no_asset_rows,0,
team-15/Kween/Terenpoy-HC-III/Asset-Verification-Toolkit.docx,parsed,76,
team-15/Kween/Terenpoy-HC-III/Kween-health-centre-Terenpoy-HC-III.docx,no_asset_rows,0,
team-16/_team-documents/Team Members.docx,no_asset_rows,0,
team-16/Bugweri/Busembatya-HC-III/BUSEMBATYA HEALTH III ASSET VERIFICATION AND RECORDING TOOL KIT 222.docx,parsed,79,
team-16/Bugweri/Minani-HC-III/MINANI HEALTH CENTER III.docx,parsed,79,
team-16/Bugweri/Mpiita-Seed-Secondary-School/Mpiita Seed Secondary.docx,parsed,30,
team-16/Bugweri/Naigombwa-Seed-Secondary-School/Naigombwa Seed Secondary School.docx,parsed,32,
team-16/Bugweri/Nawangisa-HC-III/NAWANGISA Health Center III.docx,parsed,67,
team-16/Luuka/Bukendi-HC-III/BUKENDI Health Center III.docx,parsed,71,
team-16/Luuka/Bulalu-HC-III/BULALU HEALTH III.docx,parsed,78,
team-16/Luuka/Ikumbya-Seed-Secondary-School/Ikumbya Seed School.docx,parsed,29,
team-16/Luuka/Nawampiti-Seed-Secondary-School/Nawampiti Seed Secondary.docx,parsed,21,
team-16/Mayuge/Bukatube-HC-III/BUKATUBE HEALTH CENTER III.docx,parsed,79,
team-16/Mayuge/Busaala-HC-III/BUSAALA Health Center III.docx,parsed,78,
team-16/Mayuge/Jaguzi-HC-III/JAGUZI HEALTH III.docx,parsed,78,
team-16/Mayuge/Mpungwe-Seed-Secondary-School/Mpungwe Seed Secondary School.docx,parsed,29,
team-16/Mayuge/Muggi-HC-III/MUGGI.docx,parsed,76,
team-16/Mayuge/Nkombe-HC-III/NKOMBE(1).docx,parsed,76,
team-16/Mayuge/Wairasa-Seed-Secondary-School/Waraisa Seed Secondary School.docx,parsed,26,
team-16/Namutumba/Kagulu-HC-III/KAGULU HEALTH CENTER III.docx,parsed,78,
team-16/Namutumba/Nabweyo-Seed-Secondary-School/NABWEYO SEED SECONDARY SCHOOL.docx,parsed,25,
team-16/Namutumba/Namutumba-Seed-Secondary-School/Namutumba Seed School.docx,parsed,23,
team-16/Namutumba/Nangonde-HC-III/NANGHONDE Health Center III.docx,parsed,69,
team-17/_team-documents/Team Members.docx,no_asset_rows,0,
team-17/Bugiri MC/Bugiri-Municipal-Council-HC-III/BUGIRI MUNICIPAL COUNCIL HC III.docx,parsed,61,
team-17/Bugiri/Iwemba-Seed-Secondary-School/IWEMBA SEED SCHOOL.docx,parsed,43,
team-17/Iganga/Nawanyingi-Seed-Secondary-School/nawanyingi seed ss iganga.docx,parsed,54,
team-17/Jinja City/Kimaka-HC-III/KIMAKA HEALTH CENTER 3.docx,parsed,61,
team-17/Jinja/Buwala-Seed-Secondary-School/BUWALA SEED.docx,parsed,53,
team-17/Jinja/Buwenge-Seed-Secondary-School/BUWENGE SEED SCHOOL.docx,parsed,55,
team-17/Kaliro/Budomero-HC-III/BUDOMERO HC II.docx,parsed,65,
team-17/Kaliro/Bukamba-Seed-Secondary-School/BUKAMBA SEED.docx,parsed,37,
team-17/Kaliro/Bumanya-Seed-Secondary-School/BUMANYA SEED.docx,parsed,49,
team-17/Kaliro/Kasokwe-HC-III/KASKWE HC III.docx,parsed,42,
team-17/Kaliro/Kisinda-HC-III/KISINDA HC II.docx,parsed,65,
team-17/Kaliro/Kisinda-HC-III/KISINDA HC III.docx,parsed,28,
team-17/Kaliro/Nansololo-Seed-Secondary-School/NANSOLO SEED SCHOOL.docx,parsed,40,
team-17/Kaliro/Nawampiti-HC-III/NAWAMPITI HC II.docx,parsed,65,
team-17/Namayingo/Bugana-HC-III/BUGANA HEALTH CENTER 3.docx,parsed,61,
team-17/Namayingo/Buhemba-Seed-Secondary-School/buhemba seed sss.docx,parsed,40,
team-17/Namayingo/Lolwe-HC-III/LOLWE HC III.docx,parsed,51,
team-17/Namayingo/Mutumba-Seed-Secondary-School/MUTUMBA SEED SS.docx,parsed,39,
team-17/Namayingo/Syanyonja-HC-III/SANYONJA HEALTH CENTER 3.docx,parsed,61,
team-18/_team-documents/Team Members.docx,no_asset_rows,0,
team-18/Buikwe/Nkokonjeru-HC-III/Nkonkojeru Health Center III.docx,parsed,110,
team-18/Buikwe/Ssugu-Seed-Secondary-School/SSUGU SEED SECONDARY SCHOOLS.docx,parsed,1023,
team-18/Buyende/Bukungu-HC-III/Bukungu HCIII.docx,parsed,57,
team-18/Buyende/Buyende-Seed-Secondary-School/BUYENDE S.S.S..docx,parsed,35,
team-18/Kamuli MC/Busota-HC-III/ASSET VERIFICATION AND RECORDING TOOL KIT 222 (3).docx,parsed,234,
team-18/Kamuli/Bubago-HC-III/Bubago HCII.docx,parsed,59,
team-18/Kamuli/Kagumba-HC-III/KAGUMBA HC III.docx,parsed,76,
team-18/Kamuli/Kagumba-Seed-Secondary-School/Kagumba Seed school.docx,parsed,24,
team-18/Kamuli/Kitayunjwa-Seed-Secondary-School/Kitayunjwa Seed Secondary School.docx,parsed,20,
team-18/Kamuli/Kitayunjwa-Seed-Secondary-School/UGIFT KITAYUNJWA SEED SEC SCH.docx,parsed,29,
team-18/Kamuli/Nabwigulu-Seed-Secondary-School/NABWIGULU SEED SCHOOL ASSETS.docx,no_asset_rows,0,
team-18/Kamuli/Nabwigulu-Seed-Secondary-School/NABWIGULU SEED SCHOOL.docx,parsed,54,
team-18/Kamuli/Nabwigulu-Seed-Secondary-School/Nabwigulu Seed Secondary School asset verification.docx,parsed,40,
team-18/Kayunga/_district-documents/Team Members.docx,parsed,115,
team-18/Kayunga/Bukamba-HC-III/BUKAMBA HCIII.docx,parsed,85,
team-18/Kayunga/Busaale-HC-III/BUSAALE HC III.docx,parsed,76,
team-18/Kayunga/Musiitwa-Seed-Secondary-School-Nazigo/MUSIITWA SEED SCHOOL.docx,parsed,30,
team-18/Mukono MC/Nyanja-HC-III/NYANJA HC III -.docx,parsed,76,
team-18/Mukono MC/St-Andrews-Ndwaddemutwe-Secondary-School/St.Andrews Ndwaddemutwe SSS.docx,parsed,27,
team-19/Mitooma/_district-documents/MITOOMA  HCIIIs List.xlsx,parsed,518,
team-19/Mitooma/_district-documents/MITOOMA DISTRICT  SEED SCHS.xlsx,parsed,148,
team-19/Mitooma/Mayanga-Seed-Secondary-School/Mayanga Seed School asset verification.docx,parsed,99,
team-19/Sheema/_district-documents/SHEEMA DC    HCIIIs.xlsx,parsed,296,
team-19/Sheema/_district-documents/SHEEMA SEED SECONDARY SCHS.xlsx,parsed,46,
team-20/_team-documents/TEAM 20 HCIIIS.xls,parsed,760,
team-20/_team-documents/TEAM 20 SSSs.xls,parsed,120,
team-20/Buhweju/Bitsya-HC-III/BITSYA HC 3.docx,parsed,71,
team-20/Buhweju/Bitsya-HC-III/New Microsoft Word Document.docx,no_asset_rows,0,
team-20/Buhweju/Engaju-HC-III/ENGAAJU HC 3.docx,parsed,64,
team-20/Buhweju/Kiyanja-HC-III/KIYANJA HC 3.docx,parsed,50,
team-20/Buhweju/Mushasha-HC-III/MUSHASHA HC 3.docx,parsed,62,
team-20/Buhweju/Rushambya-HC-III/RUSHAMBYA HC 3.docx,parsed,57,
team-20/Kazo/Engari-HC-III/ENGARI HC 3.docx,parsed,61,
team-20/Kazo/Kyampangara-HC-III/KYAMPANGARA HC 3.docx,parsed,65,
team-20/Kazo/Kyengando-HC-III/KYENGANDO HC 3.docx,parsed,58,
team-20/Kazo/Nkungu-HC-III/NKUNGU HC 3.docx,parsed,60,
team-20/Kiruhura/Kitura-HC-III/KITURA HC 3.docx,parsed,64,
team-20/Kiruhura/Nshwere-HC-III/NSHWERE HC 3.docx,parsed,59,
team-20/Kiruhura/Rwabarata-HC-III/RWABARATA HC 3.docx,parsed,57,
team-20/Kiruhura/Rwentamu-HC-III/RWETAMU HC 3.docx,parsed,72,
team-20/Kiruhura/Rweshande-HC-III/RWENSHANDE HC 3.docx,parsed,70,
team-21/_team-documents/Team 21 Health centres IIIs - Copy.xlsx,parsed,612,
team-21/_team-documents/Team 21 Health centres IIIs.xlsx,parsed,548,
team-21/_team-documents/TEAM 21 SSS (2).xlsx,parsed,75,
team-21/Ibanda/Birongo-HC-III/BIRONGO HEALTH CENTRE lll.xlsx,parsed,70,
team-21/Ibanda/Kashozi-HC-III/DOC-20260903-WA0025.xlsx,parsed,69,
team-21/Ibanda/Kihani-HC-III/KIHANI HEALTH CENTRE lll.xlsx,parsed,65,
team-21/Ibanda/Nyabuhikye-Seed-Secondary-School/NYABUHIKYE SEED SECONDARY SCHOOL (2).xlsx,parsed,25,
team-21/Ibanda/Nyabuhikye-Seed-Secondary-School/NYABUHIKYE SEED SECONDARY SCHOOL.xlsx,parsed,25,
team-21/Isingiro/Busheka-HC-III/BUSHEKA HEALTH CENTRE lll.xlsx,parsed,69,
team-21/Isingiro/Ruborogota-Seed-Secondary-School/Ruborogota_Seed_School_UGIFT_Asset_Verification.xlsx,parsed,275,
team-21/Mbarara City/Kyarwabuganda-HC-III/UgIFT_Asset_Verification_Kyarwabuganda_HCIII.xlsx,parsed,65,
team-21/Mbarara/Bukiiro-Seed-Secondary-School/BUKIIRO SSS EXCEL SHEET.xlsx,parsed,25,
team-21/Mbarara/Rwanyamahembe-Seed-Secondary-School/ASSETS REGISTER FOR Rwanyamahembe Seed Secondary school (1).xlsx,parsed,885,
team-21/Mbarara/Rwanyamahembe-Seed-Secondary-School/ASSETS REGISTER FOR Rwanyamahembe Seed Secondary school-1.xlsx,parsed,885,
team-21/Mbarara/Rwanyamahembe-Seed-Secondary-School/ASSETS REGISTER FOR Rwanyamahembe Seed Secondary school.xlsx,parsed,885,
team-21/Rubirizi/Butoha-HC-III/BUTOHA HEALTH CENTRE lll.xlsx,parsed,67,
team-21/Rubirizi/Kyabakara-HC-III/KYABAKARA HEALTH CENTRE lll.xlsx,parsed,69,
team-21/Rubirizi/Munyonyi-HC-III/DOC-20260829-WA0051.xlsx,parsed,74,
team-21/Rubirizi/Mushumba-HC-III/DOC-20260829-WA0056.xlsx,parsed,35,
team-21/Rubirizi/Ndagaro-HC-III/NDANGARO HEALTH CENTRE ll.xlsx,parsed,69,
team-21/Rubirizi/Ryeru-Seed-Secondary-School/RYERU SSS UGIFT RUBIRIZI.xlsx,parsed,25,
team-21/Rubirizi/St-Kizito-High-School-Magambo/DOC-20260903-WA0023.xlsx,parsed,128,
team-21/Rwampara/Nyabikungu-HC-III/NYABIKUNGU HEALTH CENTRE lll.xlsx,parsed,69,
team-21/Rwampara/Nyaruhandagazi-HC-III/NYARUHANDAGAZI HEALTH CENTRE lll.xlsx,parsed,68,
team-22/Kabale MC/Rutoma-HC-III/TEAM 22 Excel field template-Ugift Team 22.xlsx,parsed,811,
"team-22/Kisoro/Maregamo-HC-III/(FIELD TEMPLATE FOR KISORO -LG   MAREGAMO HEALETH CENTRE III, MWAMBA SS,AND NYAKIINAAMA SS KISORO LG).docx",parsed,67,
team-22/Kisoro/Maregamo-HC-III/Team 20.docx,parsed,67,
"team-22/Rubanda/Kibuzigye-Secondary-School/RUBANDA -LG FIELD TEMPLATE  MPUNGUHCIII,Nyamweru ss,Ruija ss, and Kibuzigye ss2.docx",parsed,165,
team-23/Kanungu/Bushogye-Seed-Secondary-School/KINAABA HCIII and BUSHOGYE Seed School Kanungu LG.docx,parsed,68,
team-23/Kanungu/Katete-Seed-Secondary-School/MATANDA HCIII and KATETE SEED SCHOOL KANUNGU LG.docx,parsed,87,
team-23/Kanungu/Ntungamo-HC-III/NTUNGAMO HC III Kanungu.docx,parsed,68,
team-23/Ntungamo MC/Ruhoko-HC-III/RUHOKO HCIII Ntungamo LG.docx,parsed,68,
team-23/Ntungamo/Ihunga-HC-III/IHUNGA HCIII and KIBATSI SEED SCHOOL NTUNGAMO LG.docx,parsed,95,
team-23/Ntungamo/Kafunjo-HC-III/KAFUNJO HCIII and NYABIHOKO SEED SCHOOL.docx,parsed,65,
team-23/Ntungamo/Kaina-HC-III/Ntungamo district KAINA HCIII.docx,parsed,74,
team-23/Ntungamo/Karuruma-HC-III/Karuruma HC III.docx,parsed,65,
team-23/Ntungamo/Kihanga-Seed-Secondary-School/RWANDA HCIII and KIHANGA SEED PUBLIC SCHOOL.docx,parsed,89,
team-23/Ntungamo/Kishami-HC-III/KISHAMI HCIII NTUNGAMO LG.docx,parsed,62,
team-23/Ntungamo/Kyamwasha-HC-III/KYAMWASHA HCIII NTUNGAMO LG.docx,parsed,59,
team-23/Ntungamo/Nyanga-HC-III/NYANGA HCIII NTUNGAMO LG.docx,parsed,54,
team-23/Ntungamo/Rukoni-West-HC-III/RUKONI WEST HCIII NTUNGAMO LG.docx,parsed,75,
team-23/Rukungiri MC/Kitimba-HC-III/KITIMBA HCIII and BIKURUNGU SEED SCHOOL RUKUNGIRI LG.docx,parsed,82,
team-23/Rukungiri/Karuhembe-HC-III/KARUHEMBE HCIII and KEBISONI SEED SCHOOL RUKUNGIRI LG.docx,parsed,59,
team-23/Rukungiri/Kasheshe-HC-III/KASHESHE HCIII RUKUNGIRI DISTRICT.docx,parsed,71,
team-24/Kiryandongo/Kigumba-Town-Seed-Secondary-School/Kigumba Town Seed Secondary School.docx,parsed,68,
team-24/Kiryandongo/Kitwara-Seed-Secondary-School/Kitwara Seed Secondary School.docx,parsed,115,
team-24/Luweero/Katuugo-HC-III/Katuugo Health Centre III.docx,parsed,43,
team-24/Luweero/Luwube-Muslim-Seed-Secondary-School/Luwube Muslim Seed Secondary School.docx,parsed,129,
team-24/Luweero/St-Andrew-Kaggwa-Kasaala-Seed-Secondary-School/St. Andrew Kaggwa Kasaala Seed Secondary School.docx,parsed,45,
team-24/Masindi MC/Katasenywa-HC-III/Katasenywa Health Centre III.docx,parsed,59,
team-24/Masindi/Budongo-Seed-Secondary-School/Budongo Seed Secondary School.docx,parsed,29,
team-24/Masindi/Kijunjubwa-Seed-Secondary-School/Kijunjubwa Community Seed Secondary School.docx,parsed,140,
team-25/_team-documents/AVOGERA HC III ASSET VERIFICATION AND RECORDING TOOL KIT 222.docx,parsed,65,
team-25/_team-documents/BUSEREGENYU HCIII UGIFT Asset Verification Tool Kit - FINAL.docx,parsed,68,
team-25/_team-documents/BUTAIBA HEALTH CENTER III.docx,parsed,70,
team-25/_team-documents/KIHUUKYA HEALTHCENTER III.docx,parsed,67,
team-25/_team-documents/KIJUNA HCIII UGIFT Asset Verification - FINAL.docx,parsed,65,
team-25/_team-documents/KIKANDWA HCIII UGIFT Asset Verification Tool Kit - FINAL.docx,parsed,30,
team-25/_team-documents/KYABASARA HEALTH CENTER III.docx,parsed,60,
team-25/_team-documents/Kyasansuwa HCIII UGIFT Asset Verification Tool Kit - FINAL.docx,parsed,82,
team-25/_team-documents/MAKOKOTO SEED SCHOOL UGIFT ASSET VERIFICATION TOOLKIT - FINAL - 1.docx,parsed,100,
team-25/_team-documents/MATALE HCIII UGIFT Asset Verification Tool Kit - Final.docx,parsed,91,
team-25/_team-documents/NAMABAALE HCIII UGIFT Asset Verification Tool Kit - FINAL (2).docx,parsed,76,
team-25/Buliisa/Avogera-HC-III/AVOGERA HC III ASSET VERIFICATION AND RECORDING TOOL KIT 222.docx,parsed,65,
team-25/Buliisa/Avogera-HC-III/AVOGERA HC III REPORT.docx,no_asset_rows,0,
team-25/Buliisa/Avogera-HC-III/Avogera Health Facility.docx,no_asset_rows,0,
team-25/Buliisa/Butiaba-HC-III/BUTAIBA HEALTH CENTER.docx,parsed,70,
team-25/Buliisa/Butiaba-HC-III/butaiba report.docx,no_asset_rows,0,
team-25/Buliisa/Kigwera-HC-III/KIGWERA HC III asset verification 24 Sep 2026.xlsx,parsed,71,
team-25/Buliisa/Kigwera-HC-III/KIGWERA HEALTH CENTER eDITED.docx,parsed,72,
team-25/Buliisa/Kigwera-HC-III/KIGWERA HEALTH CENTER III.docx,parsed,71,
team-25/Buliisa/Kihungya-HC-III/BULIISA KIHUNGYA HC III ASSET VERIFICATION AND RECORDING TOOL KIT 222.docx,parsed,75,
team-25/Buliisa/Kihungya-HC-III/BULIISA KIHUNGYA HC III REPORT.docx,no_asset_rows,0,
team-25/Buliisa/Kihungya-HC-III/Kihungya Health Facility.docx,no_asset_rows,0,
team-25/Buliisa/Kihungya-Seed-Secondary-School/kihungya seed school.docx,parsed,13,
team-25/Buliisa/Kihungya-Seed-Secondary-School/kihungya seed ss.docx,no_asset_rows,0,
team-25/Buliisa/Ngwedo-Seed-Secondary-School/NGWEDO SEED SECONDARY SCHOOL ASSET VERIFICATION 24 Sep 2026.xlsx,parsed,48,
team-25/Hoima City/Hoima-Regional-Blood-Bank/HOIMA BLOOD BANK.xlsx,parsed,59,
team-25/Hoima City/Kihuukya-HC-III/KIHUUKYA HC III asset verification 24 Sep 2026.xlsx,parsed,74,
team-25/Hoima City/Kihuukya-HC-III/KIHUUKYA HEALTHCENTER III. Edited.docx,parsed,74,
team-25/Hoima/Kidukuru-Seed-Secondary-School/KIDUKURU SEED SECONDARY SCHOOL ASSET VERIFICATION 24 Sep 2026.xlsx,parsed,16,
team-25/Hoima/Kigorobya-Seed-Secondary-School/KIGOROBYA SEED SECONDARY SCHOOL ASSET VERIFICATION 24 Sep 2026.xlsx,parsed,28,
team-25/Kagadi/_district-documents/KYABASARA HEALTH CENTER III. EDITED(1).docx,parsed,75,
team-25/Kagadi/Burora-HC-III/BURORA HC III ASSET VERIFICATION AND RECORDING TOOL KIT 222.docx,parsed,6,
team-25/Kagadi/Burora-HC-III/BURORA HC III REPORT.docx,no_asset_rows,0,
team-25/Kagadi/Burora-HC-III/Burora Health Facility Photo.docx,no_asset_rows,0,
team-25/Kagadi/Burora-Seed-Secondary-School/BURORA SEED S.S REPORT.docx,no_asset_rows,0,
team-25/Kagadi/Burora-Seed-Secondary-School/BURORA SEED SCHOOL.docx,parsed,8,
team-25/Kagadi/King-Solomon-Seed-Secondary-School/KING SOLOMON SEED SCHOOL.docx,parsed,21,
team-25/Kagadi/King-Solomon-Seed-Secondary-School/King solomon.docx,no_asset_rows,0,
team-25/Kagadi/Kitegwa-Community-Seed-Secondary-School/KITEGWA COMMUNITY SEED S.S REPORT.docx,no_asset_rows,0,
team-25/Kagadi/Kyabasara-HC-III/KYABASARA.docx,no_asset_rows,0,
team-25/Kagadi/Kyakabadiima-HC-III/KYAKABADIIMA HC III ASSET VERIFICATION AND RECORDING TOOL KIT 222.docx,parsed,9,
team-25/Kagadi/Kyakabadiima-HC-III/Kyakabadiima HC III Facility.docx,no_asset_rows,0,
team-25/Kagadi/Kyakabadiima-HC-III/KYAKABADIIMA REPORT.docx,no_asset_rows,0,
team-25/Kagadi/Muhorro-HC-III/Muhoror HC III Facility.docx,no_asset_rows,0,
team-25/Kagadi/Muhorro-HC-III/MUHORRO HC III ASSET VERIFICATION AND RECORDING TOOL KIT 222.docx,parsed,74,
team-25/Kagadi/Muhorro-HC-III/MUHORRO HC III REPORT.docx,no_asset_rows,0,
team-25/Kagadi/St-Catherine-Kicucura-Seed-Secondary-School/ST CATHERINE KICUCURA SEED SCHOOL.docx,parsed,10,
team-25/Kikuube/Kyangwali-Seed-Secondary-School/KYANGWALI  SEED S.S REPORT.docx,no_asset_rows,0,
team-25/Kikuube/Kyangwali-Seed-Secondary-School/KYANGWALI SEED SCHOOL.docx,parsed,20,
team-26/_team-documents/NTOROKO LG  ASST.VERIFICATION REPORT_105758 (1) (1).docx,parsed,54,
team-26/_team-documents/Ntoroko_UGiFT_Physical_Verification_Report.docx,no_asset_rows,0,
team-26/_team-documents/Team_26_Bundibugyo_UgIFT_Field_Verification_Report_Final.docx,no_asset_rows,0,
team-26/Bundibugyo/Buhanda-HC-III/ASSET VERIFICATION AND RECORDING TOOL KIT 222 BUHANDA HEALTH CENTRE III (1).docx,parsed,59,
team-26/Bundibugyo/Bundimulangya-HC-III/ASSET VERIFICATION AND RECORDING TOOL KIT 222 BUNDIMULANGYA HEALTH CENTRE III AND BURONDO SEED SCHOOL (1).docx,parsed,52,
team-26/Bundibugyo/Bupomboli-HC-III/BUNDIBUGYO DISTRICT  BUPOMBOLI HEALTH CENTER III ASSET VERIFICATION AND RECORDING TOOL KIT 222.docx,parsed,56,
team-26/Bundibugyo/Burondo-HC-III/ASSET VERIFICATION AND RECORDING TOOL KIT BURONDO HEALTH CENTRE III AND KISUBA SEED SCHOOL.docx,parsed,44,
team-26/Bundibugyo/Busanga-HC-III/BUSANGA HEALTH CENTRE III - ASSET VERIFICATION AND RECORDING TOOL KIT.docx,parsed,48,
team-26/Bundibugyo/Kabango-Seed-Secondary-School/BUNDIBUGYO DISTRICT  KABANGO SEED SS ASSET VERIFICATION AND RECORDING TOOL KIT 222.docx,parsed,22,
team-26/Bundibugyo/Mirambi-HC-III/MIRAMBI HEALTH CENTRE III - ASSET VERIFICATION AND RECORDING TOOL KIT - ST. PAUL NABWEYA.docx,parsed,87,
team-26/Bundibugyo/Mirambi-HC-III/MIRAMBI HEALTH CENTRE III - ASSET VERIFICATION AND RECORDING TOOL KIT -.docx,parsed,93,
team-26/Bundibugyo/Tombwe-HC-III/TOMBWE HEALTH CENTRE III - ASSET VERIFICATION AND RECORDING TOOL KIT.docx,parsed,62,
team-26/Kabarole/_district-documents/KABAROLE LG  ASST.VERIFICATION REPORT_105758 (2) (2).docx,parsed,61,
team-26/Kabarole/_district-documents/KABAROLE LG  ASST.VERIFICATION REPORT_105758 (2).docx,parsed,61,
team-26/Kabarole/Iruhura-HC-III/KABAROLE DISTRICT   IRUHURA HC III ASSET VERIFICATION AND RECORDING TOOL KIT 222 (1).docx,parsed,76,
team-26/Kabarole/Kichwamba-HC-III/KICHWAMBA HEALTH CENTRE III - ASSET VERIFICATION AND RECORDING TOOL KIT.docx,parsed,47,
team-26/Kabarole/Kiko-Town-Council-HC-III/ASSET VERIFICATION AND RECORDING TOOL KIT 222 KIKO TOWN CONCIL HEALTH CENTRE III (1).docx,parsed,59,
team-26/Kabarole/Kitule-HC-III/ASSET VERIFICATION AND RECORDING TOOL KIT FOR KITUULE HEALTH CENTRE III.docx,parsed,34,
team-26/Kabarole/Nyakitokoli-HC-III/KABAROLE DISTRICT   NYAKITOKOLI HEALTH CENTER III ASSET VERIFICATION AND RECORDING TOOL KIT 2222 (1).docx,parsed,61,
team-26/Kabarole/Nyambuusa-HC-III/KABAROLE DISTRICT   ASSET VERIFICATION AND RECORDING TOOL KIT 222.docx,parsed,36,
team-26/Kabarole/Nyantabooma-HC-III/NYANTABOMA HEALTH CENTRE III  - ASSET VERIFICATION AND RECORDING TOOL KIT.docx,parsed,80,
team-26/Ntoroko/Butungama-HC-III/ASSET VERIFICATION AND RECORDING TOOL KIT 222 BUTUNGAMA HEALTH CENTRE III AND BUTUNGAMA SEED SCHOOL (1).docx,parsed,15,
team-26/Ntoroko/Kibuuku-Seed-Secondary-School/NTOROKO KIBUKU SEED SECONDARY SCHOOL  ASSET VERIFICATION AND RECORDING TOOL KIT 222.docx,parsed,9,
team-26/Ntoroko/Nombe-Seed-Secondary-School/NTOROKO ASSET NOMBE SEED SECONDARY SCHOOL VERIFICATION AND RECORDING TOOL KIT 222.docx,parsed,12,
team-27/_team-documents/BUHUHIRA HCIII.docx,parsed,76,
team-27/_team-documents/BWESUMBU HCIII KASESE.docx,parsed,76,
team-27/_team-documents/BWESUMBU SEED SCHOOL.docx,parsed,19,
team-27/_team-documents/KABAHANGO_HCIII_&_KIYOMBYA_SEED SEC (2).docx,parsed,115,
team-27/_team-documents/KABAHANGO_HCIII_&_KIYOMBYA_SEED SEC.docx,parsed,115,
team-27/_team-documents/KABAMBIRO HCIII.docx,parsed,76,
team-27/_team-documents/KABINGO HCIII.docx,parsed,76,
team-27/_team-documents/KABINGO_HC_III_&_BWIIZI_SEED_SCH (2).docx,parsed,108,
team-27/_team-documents/KABINGO_HC_III_&_BWIIZI_SEED_SCH.docx,parsed,108,
team-27/_team-documents/KANARA_HCIII_&_KANARA__SEED_SEC_SCH (2).docx,parsed,136,
team-27/_team-documents/KANARA_HCIII_&_KANARA__SEED_SEC_SCH.docx,parsed,136,
team-27/_team-documents/KATEEBWA HCIII.docx,parsed,76,
team-27/_team-documents/KYEMPARA HEALTH CENTRE III (2).docx,parsed,74,
team-27/_team-documents/KYEMPARA HEALTH CENTRE III.docx,parsed,74,
team-27/_team-documents/NSUURA SEED SCHOOL.docx,parsed,18,
team-27/_team-documents/NYABIRONGO HCIV (2).docx,parsed,73,
team-27/_team-documents/NYABIRONGO HCIV.docx,parsed,73,
team-27/_team-documents/NYAKIMASA_HCIII_(_KASESE) (2).docx,parsed,80,
team-27/_team-documents/NYAKIMASA_HCIII_(_KASESE).docx,parsed,80,
team-27/_team-documents/RAILWAY HCIII KASESE.docx,parsed,76,
team-27/_team-documents/RUBONA_HCIII_&_KATUGUNDA_SEED(_BUNYANGABU)[1] (2).docx,parsed,110,
team-27/_team-documents/RUBONA_HCIII_&_KATUGUNDA_SEED(_BUNYANGABU)[1].docx,parsed,110,
team-27/_team-documents/RUKOKI GENERAL HOSPITAL.docx,parsed,74,
team-27/_team-documents/Team27 field report.docx,no_asset_rows,0,
team-28/Fort-Portal City/Bukuuku-Community-Secondary-School/GAYAZA AND BUKUUKU.docx,parsed,174,
team-28/Fort-Portal City/Rubingo-HC-III/ASSET VERIFICATION AND RECORDING TOOL KIT 222 rubingo.docx,parsed,167,
team-28/Fort-Portal City/Rubingo-HC-III/rubingo hc III Process report.docx,no_asset_rows,0,
team-28/Kyegegwa/Kabweza-HC-III/ASSET VERIFICATION AND RECORDING TOOL KIT 222 kabweza hc iii.docx,parsed,266,
team-28/Kyegegwa/Kabweza-HC-III/kabweza hc III Process report.docx,no_asset_rows,0,
team-28/Kyegegwa/Ruyonza-Seed-Secondary-School/RUYONZA.docx,parsed,23,
team-28/Kyegegwa/Rwentuha-Seed-Secondary-School/RWENTUHA.docx,parsed,21,
team-28/Kyenjojo/Kataraza-HC-III/ASSET VERIFICATION AND RECORDING TOOL KIT katalaza.docx,parsed,206,
team-28/Kyenjojo/Kataraza-HC-III/kataraza hc III Process report.docx,no_asset_rows,0,
team-28/Kyenjojo/Kigoyera-HC-III/KYEMBOGO AND KIGOYERA.docx,parsed,182,
team-28/Kyenjojo/Kyankaramata-HC-III/ASSET VERIFICATION AND RECORDING TOOL KIT 222 kyankaramata hc iii.docx,parsed,174,
team-28/Kyenjojo/Kyankaramata-HC-III/kyankaramata hc III Process report.docx,no_asset_rows,0,
team-28/Kyenjojo/Kyarusozi-Seed-Secondary-School/KYARUSOZI.docx,parsed,18,
team-28/Kyenjojo/Myeri-HC-III/ASSET VERIFICATION AND RECORDING TOOL KIT 222 myeri hc iii.docx,parsed,184,
team-28/Kyenjojo/Myeri-HC-III/myeri hc III Process report.docx,no_asset_rows,0,
team-28/Mubende MC/Lwemikomago-HC-III/ASSET VERIFICATION AND RECORDING TOOL KIT 222 lwemikomago hc iii.docx,parsed,189,
team-28/Mubende MC/Lwemikomago-HC-III/Lwemikomago hc III Process report.docx,no_asset_rows,0,
team-28/Mubende/Buseregenyu-HC-III/BUSEREGENYU HCIII UGIFT Asset Verification Tool Kit - FINAL.docx,parsed,68,
team-28/Mubende/Butawata-HC-III/ASSET VERIFICATION AND RECORDING TOOL KIT 222 butawata hc iii.docx,parsed,196,
team-28/Mubende/Butawata-HC-III/butawata hc III Process report.docx,no_asset_rows,0,
team-28/Mubende/Kigando-Seed-Secondary-School/KIGANDO SEED.docx,parsed,23,
team-28/Mubende/Mugungulu-Seed-Secondary-School/MUGUNGULU.docx,parsed,25,
team-29/_team-documents/UGIFT BANDA_HCIII.docx,parsed,45,
team-29/_team-documents/UGIFT BULAGA_HCIII.docx,parsed,64,
team-29/_team-documents/UGIFT KABUUBWA_HCIII.docx,parsed,53,
team-29/_team-documents/UGIFT KIGANDO HC III.docx,parsed,74,
team-29/_team-documents/UGIFT KITAIHUKA HC III.docx,parsed,75,
team-29/_team-documents/UGIFT MUJUNZA HC III.docx,parsed,75,
team-29/_team-documents/UGIFT SIRIMULA.docx,parsed,76,
team-29/Kakumiro/Christ-the-King-Mpasana-Seed-Secondary-School/UGIFT MPASANA_CHRIST_THE_KING_SEED_SCHOOL.docx,parsed,33,
team-29/Kakumiro/Mukoora-HC-III/UGIFT ASSET VERIFICATION MUKOORA HC III.docx,parsed,76,
team-29/Kakumiro/St-Matia-Mulumba-Birembo-Seed-Secondary-School/UGIFT BIREMBO_HCIII.docx,parsed,61,
team-29/Kakumiro/St-Matia-Mulumba-Birembo-Seed-Secondary-School/UGIFT ST_MATIA_MULUMBA_BIREMBO_SEED_SS.docx,parsed,28,
team-29/Kiboga/Lwamata-Town-Council-Seed-Secondary-School/UGIFT ASSET VERIFICATION LWAMATA T.C.C SEED SEC SCH (1).docx,parsed,16,
team-29/Kiboga/Lwamata-Town-Council-Seed-Secondary-School/UGIFT ASSET VERIFICATION LWAMATA T.C.C SEED SEC SCH.docx,parsed,16,
team-29/Kyankwanzi/Bananywa-Seed-Secondary-School/ASSET VERIFICATION AND RECORDING TOOL KIT KIKOMO A.docx,parsed,100,
team-29/Kyankwanzi/Nsambya-Seed-Secondary-School/UGIFT NSAMBYA_SEED_SCHOOL.docx,parsed,20,
team-29/Kyankwanzi/Ntwetwe-Seed-Secondary-School/UGIFT ASSET VERIFICATION NTWETWE SEED SEC SCH.docx,parsed,15,
team-30/_team-documents/ASSET VERIFICATION AND RECORDING TOOL KIT 222 butawata hc iii.docx,parsed,196,
team-30/_team-documents/ASSET VERIFICATION AND RECORDING TOOL KIT 222 myeri hc iii.docx,parsed,184,
team-30/_team-documents/ASSET VERIFICATION AND RECORDING TOOL KIT 222 rubingo.docx,parsed,167,
team-30/_team-documents/BUSEREGENYU HCIII UgIFT Field Report.docx,no_asset_rows,0,
team-30/_team-documents/KABAROLE DISTRICT   ASSET VERIFICATION AND RECORDING TOOL KIT 222.docx,parsed,36,
team-30/_team-documents/KIGANDO SEED.docx,parsed,23,
team-30/_team-documents/Kikandwa HCIII UgIFT Field Process Report.docx,no_asset_rows,0,
team-30/_team-documents/KYARUSOZI.docx,parsed,18,
team-30/_team-documents/Kyasansuwa HCIII UgIFT Field Process Report  FINAL.docx,no_asset_rows,0,
team-30/_team-documents/KYEMBOGO AND KIGOYERA.docx,parsed,182,
team-30/_team-documents/MAKOKOTO HEALTH CENTRE III CHALLENGES & RECOMMENDATIONS - Final 1.docx,no_asset_rows,0,
team-30/_team-documents/MATALE HCIII UgIFT Field Process Report.docx,no_asset_rows,0,
team-30/_team-documents/MUGUNGULU.docx,parsed,25,
team-30/_team-documents/NAMABAALE HC 111 - Process report template (2).docx,no_asset_rows,0,
team-30/_team-documents/NAMABAALE HCIII UGIFT Asset Verification Tool Kit - FINAL.docx,parsed,76,
team-30/_team-documents/NTOROKO ASSET VERIFICATION AND RECORDING TOOL KIT 222.docx,parsed,12,
team-30/_team-documents/NTOROKO LG  ASST.VERIFICATION REPORT_105758.docx,parsed,54,
team-30/_team-documents/NYAMARWA SEED SCHOOL UGIFT ASSET VERIFICATION AND RECORDING TOOL KIT - FINAL.docx,parsed,35,
team-30/_team-documents/RUYONZA.docx,parsed,23,
team-30/_team-documents/RWENTUHA.docx,parsed,21,
team-30/_team-documents/ST MARIA GORETI SEEED SCHOOL UGIFT Asset Verification Tool Kit FINAL.docx,parsed,10,
team-30/Kasanda/Manyogaseka-Seed-Secondary-School/ST MARIA GORETTI MANYGASEKA asset verification 24 Sep 2026.xlsx,parsed,7,
team-30/Kibaale/Nyamarunda-HC-III/NYAMARUNDA HC III asset verification 24 Sep 2026.xlsx,parsed,5,
team-30/Kibaale/St-Mugagga-Vocational-Seed-Secondary-School/ST MUGAGA VOCATIONAL SEEED SCHOOL UGIFT Asset Verification Tool Kit Updated.docx,no_asset_rows,0,
team-30/Mityana/Busunju-HC-III/BUSUNJU HC III asset verification 24 Sep 2026.xlsx,parsed,8,
team-30/Mityana/Mpongo-HC-III/Mpongo HC III asset verification.docx,parsed,49,
team-30/Mityana/Namungo-HC-III/NAMUNGO HC III asset verification 24 Sep 2026.xlsx,parsed,6,
team-30/Mityana/Namungo-Seed-Secondary-School/Namungo Seed Secondary School asset verification.docx,parsed,32,
team-31/Buvuma/Buvuma-HC-III/BUVUMA HC III ASSET VERIFICATION AND RECORDING TOOL KIT 222.docx,parsed,36,
team-31/Buvuma/Buwooya-HC-III/Buwooya H.C III (1).docx,parsed,47,
team-31/Buvuma/Buwooya-HC-III/Buwooya H.C III.docx,parsed,47,
team-31/Buvuma/Bweema-Seed-Secondary-School/lwajje h.c and bweema seed.docx,parsed,74,
team-31/Buvuma/Lubya-HC-III/Lubya H.C III.docx,parsed,40,
team-31/Buvuma/Lukale-HC-III/LUKALE H.C III (1).docx,parsed,48,
team-31/Buvuma/Nkata-HC-III/Nkata H.C III (1).docx,parsed,49,
team-31/Buvuma/Nkata-HC-III/Nkata H.C III.docx,parsed,49,
team-31/Kalangala/Bubeke-HC-III/Bubeke health centre III.docx,parsed,83,
team-31/Kalangala/Gyagenda-Memorial-Seed-Secondary-School/Gyagenda Memorial Seed Secondary School asset verification.docx,parsed,23,
team-31/Kalangala/Gyagenda-Memorial-Seed-Secondary-School/Gyagenda memorial seed secondary school pictures.docx,no_asset_rows,0,
team-31/Kalangala/Gyagenda-Memorial-Seed-Secondary-School/Gyagenda memorial seed secondary school.docx,parsed,34,
team-31/Kalangala/Nekemiya-Memorial-Seed-Secondary-School/Nekemeya Memorial seed secondary school pictures.docx,no_asset_rows,0,
team-31/Kalangala/Nekemiya-Memorial-Seed-Secondary-School/Nekemiya Memorial Seed Secondary School asset verification.docx,parsed,14,
team-31/Kalangala/Nekemiya-Memorial-Seed-Secondary-School/Nekemiya memorial seed secondary school.docx,parsed,197,
team-32/Butambala/Budde-Seed-Secondary-School/ASSET VERIFICATION AND RECORDING TOOL KIT 222 (BUTAMABALA DISTRICT-BUDDE SEED).docx,parsed,71,
team-32/Butambala/Budde-Seed-Secondary-School/BUDDE SEED SCHOOL (BUTAMABALA DISTRICT-BUDDE SEED).docx,parsed,70,
team-32/Butambala/Butaaka-HC-III/Butaaka HC III in BUTAMBALA LOCAL GOVERMNENT..docx,parsed,59,
team-32/Butambala/St-Luke-Kibibi-Seed-Secondary-School/ST. LUKE SECONDARY SCHOOL KIBIBI BUTAMBALA.docx,no_asset_rows,0,
team-32/Gomba/Bulwadda-HC-III/Bulwadda  health center III.docx,parsed,39,
team-32/Gomba/Kyayi-Seed-Secondary-School/KYAYI SEED S.SASSET VERIFICATION AND RECORDING TOOL KIT 222.docx,parsed,43,
team-32/Gomba/Mamba-HC-III/ASSET VERIFICATION AND RECORDING TOOL KIT 222(MAMBA HC III -GOMBA LOCAL GOVERNMENT).docx,parsed,54,
team-32/Gomba/Ngomamene-HC-III/ASSET VERIFICATION AND RECORDING TOOL KIT 222 (NGOMAMENE HC  III).docx,parsed,64,
team-32/Kiira MC/Kireka-HC-III/KIREKA NSAWO HC 111 (zip member).docx,parsed,71,
team-32/Kiira MC/Kireka-HC-III/KIREKA NSAWO HC 111.docx,parsed,71,
team-32/Kiira MC/Kirinya-HC-III/ASSET VERIFICATION AND RECORDING TOOL KIT 222 (KIRINYA HEALTH CENTER 111).docx,parsed,75,
team-32/Makindye-Ssabagabo MC/Kibiri-HC-III/ASSET VERIFICATION AND RECORDING TOOL KIT 222(KIBIRI HC III -MAKINDYE SSABAGABO) (2).docx,parsed,76,
team-32/Makindye-Ssabagabo MC/Kibiri-HC-III/ASSET VERIFICATION AND RECORDING TOOL KIT 222(KIBIRI HC III -MAKINDYE SSABAGABO).docx,parsed,59,
team-32/Makindye-Ssabagabo MC/Kibiri-HC-III/KIBIRI HC III report.docx,no_asset_rows,0,
team-32/Makindye-Ssabagabo MC/Mutungo-HC-III/MUNTUNGO HEALTH CENTER III(1).docx,parsed,37,
team-32/Mpigi/Wamatovu-Seed-Secondary-School/ASSET VERIFICATION AND RECORDING TOOL KIT 222( WAMATOVU SEED S.S MPIGI LGD) (2).docx,parsed,308,
team-32/Mpigi/Wamatovu-Seed-Secondary-School/ASSET VERIFICATION AND RECORDING TOOL KIT 222( WAMATOVU SEED S.S MPIGI LGD).docx,parsed,300,
team-32/Nansana MC/Matugga-HC-III/ASSET VERIFICATION AND RECORDING TOOL KIT 222 (matugga HC  III) (2).docx,parsed,73,
team-32/Nansana MC/Matugga-HC-III/ASSET VERIFICATION AND RECORDING TOOL KIT 222 (matugga HC  III).docx,parsed,73,
team-32/Wakiso/Buloba-HC-III/Buloba HC III asset verification.docx,parsed,65,
team-32/Wakiso/Kasangati-Mutuba-Nangabo-HC-III/KASANAGAT NGABO HC 111 (1).docx,parsed,67,
team-32/Wakiso/Kasangati-Mutuba-Nangabo-HC-III/KASANAGAT NGABO HC 111(1).docx,parsed,67,
team-32/Wakiso/Kasoozo-HC-III/ASSET VERIFICATION AND RECORDING TOOL KIT (KASOOZO  HEALTH CENTER III).docx,parsed,59,
team-32/Wakiso/Kasoozo-HC-III/ASSET VERIFICATION AND RECORDING TOOL KIT (KASOOZO HEALTH CENTER III).docx,parsed,59,
team-32/Wakiso/Kasoozo-HC-III/Kasoozi HCIII.docx,parsed,59,
team-32/Wakiso/Nakitokolo-HC-III/ASSET VERIFICATION AND RECORDING TOOL KIT (NAKITOKOLO HEALTH CENTER III).docx,parsed,76,
team-32/Wakiso/Sumbwe-Seed-Secondary-School/EXCEL IFMIS REGISTER-WAKISO UPGRADE Sumbwe.xlsx,parsed,680,
team-32/Wakiso/Zinga-HC-III/Zinga HC III asset verification.docx,parsed,72,
team-33/Kalungu/Kabaale-HC-III/ASSET VERIFICATION AND RECORDING TOOL KIT 222 (1)KABAALE HC III & LUKAAYA SEED SECONDARY SCHOOL (1).docx,parsed,75,
team-33/Kalungu/Kabaale-HC-III/ASSET VERIFICATION AND RECORDING TOOL KIT 222 (1)KABAALE HC III & LUKAAYA SEED SECONDARY SCHOOL.docx,parsed,75,
team-33/Kyotera/Kasali-Tc-Seed-Secondary-School/Kasaali Seed Secondary school.docx,parsed,5,
team-33/Kyotera/Nangoma-HC-III/Nangoma HC.docx,parsed,54,
team-33/Lwengo/Kakoma-HC-III/ASSET VERIFICATION AND RECORDING TOOL KIT 222 (1) KAKOMA HEALTH CENTRE III & MBIRIZI SEED SECONDARY SCHOOL (1).docx,parsed,94,
team-33/Lwengo/Katovu-Seed-Secondary-School/ASSET VERIFICATION AND RECORDING TOOL KIT 222 (1) LWENGENYI HEALTH CENTRE III& KATOVU SEED SECONDARY SCHOOL.docx,parsed,92,
team-33/Lyantonde/Kabatemere-HC-III/ASSET VERIFICATION AND RECORDING TOOL KIT 222 (1)KABATEMERE HEALTH CENTRE III & RWAMABARA SEED SECONDARY SCHOOL.docx,parsed,89,
team-33/Lyantonde/Kasagama-Seed-Secondary-School/ASSET VERIFICATION AND RECORDING TOOL KIT 222 LYAKAJJUKA HEALTH CENTRE III & KASAGAMA SEED SECONDARY SCH.docx,parsed,86,
team-33/Masaka City/Nyendo-HC-III/ASSET VERIFICATION AND RECORDING TOOL KIT 222 (1) NYENDO HEALTH CENTRE III (1).docx,parsed,61,
team-33/Masaka/Bukakata-Seed-Secondary-School/Bukakata Seed sch.docx,parsed,18,
team-33/Rakai/Kacheera-Seed-Secondary-School/KIZIBA HEALTH CENTER 3 AND KACHEERA SEED SECONDARY SCHOOL RAKAI DISTRICT.docx,parsed,76,
team-33/Rakai/Samson-Kalibbala-Seed-Secondary-School/SAMSON KALIBBALA SEED SECONDARY SCHOOL.docx,parsed,13,
team-33/Sembabule/Busheka-HC-III/ASSET VERIFICATION AND RECORDING TOOL KIT 222 (1) BUSHEKA HEALTH CENTRE III & LWEBITAKURE SEED SECONDARY SCHOOL (1).docx,parsed,78,
_multi-team/programme-documents/MDA status register.xlsx,parsed,1107,
_multi-team/programme-documents/All WIP Ugift/All WIP Ugift/fwdugiftassets/UGIFT .ASSETS REGISTER-BPED.xls,parsed,109,
_multi-team/programme-documents/All WIP Ugift/All WIP Ugift/fwdugiftassets/UGIFT FIXED ASSETS REGISTER FOR FY2022.2023..xls,parsed,92,
_multi-team/programme-documents/All WIP Ugift/All WIP Ugift/fwdugiftassets/UGIFT ASSETS REGISTER FOR FY2023.2024 FOR AUDITORS.xls,parsed,3756,
_multi-team/programme-documents/All WIP Ugift/All WIP Ugift/fwdugiftassets/UGIFT ASSETS REGISTER FOR FY2024.2025..xls,parsed,437,
_multi-team/programme-documents/All WIP Ugift/All WIP Ugift/fwdugiftassets/UGIFT CONSOLIDATED FIXED ASSETS REGISTER FOR FY2020.2021. 2021.2022.2023.2024 AND 2024.2025.xls,parsed,856,
_multi-team/programme-documents/All WIP Ugift/All WIP Ugift/Ugift  Inventory collection HOIMA blood bank.xlsx,parsed,60,
_multi-team/programme-documents/All WIP Ugift/All WIP Ugift/Ugift Arua bb chemmart inventory.xlsx,parsed,98,
_multi-team/teams-10-15/final-UGiFT-report-karamojja-6-teams/UGiFT-WIP-consolidated-MDA-status-register.xlsx,parsed,2001,
