source_row,action,item,serial,tag,source_location,candidate_rows,detail
2,review_multiple_existing_matches,Laptops Lenovo,PF3VD5K3-LAPTOP,UGIFT-MAAIF/LT/23-04,MAAIF,"[209350, 214884]",
3,review_multiple_existing_matches,Laptops Lenovo,PF3V8R8L-,UGIFT-MAAIF/LT/23-02,MAAIF,"[209351, 214886]",
4,review_multiple_existing_matches,Laptops Lenovo,PF3V8R85,UGIFT-MAAIF/LT/23-01,MAAIF,"[209352, 214888]",
5,review_multiple_existing_matches,Laptops Lenovo,PF3TR6E8,UGIFT-MAAIF/LT/23-03,MAAIF,"[209353, 214885]",
145,review_multiple_existing_matches, Tablets sumsung,R9PW40G9SWB,UGFT-MAAIF/TAB/24-135,MAAIF,"[209434, 211044]",
146,review_multiple_existing_matches, Tablets sumsung,R9PW40GAG9V,UGFT-MAAIF/TAB/24-136,MAAIF,"[209435, 211045]",
147,review_multiple_existing_matches, Tablets sumsung,R9PW40GAFPD,UGFT-MAAIF/TAB/24-137,MAAIF,"[209436, 211046]",
148,review_multiple_existing_matches, Tablets sumsung,R9PW40GAGAZ,UGFT-MAAIF/TAB/24-138,MAAIF,"[209437, 211047]",
149,review_multiple_existing_matches, Tablets sumsung,R9PW40GAGEY,UGFT-MAAIF/TAB/24-139,MAAIF,"[209438, 211048]",
150,review_multiple_existing_matches, Tablets sumsung,R9PW40GA3BH,UGFT-MAAIF/TAB/24-140,MAAIF,"[209439, 211049]",
151,review_multiple_existing_matches, Tablets sumsung,R9PW40G9JWD,UGFT-MAAIF/TAB/24-141,MAAIF,"[209440, 211050]",
155,review_multiple_existing_matches, Tablets sumsung,R9PW40GAG2B,UGFT-MAAIF/TAB/24-145,MAAIF,"[209479, 211054]",
156,review_multiple_existing_matches, Tablets sumsung,R9PW40GAGTR,UGFT-MAAIF/TAB/24-146,MAAIF,"[209480, 211055]",
157,review_multiple_existing_matches, Tablets sumsung,R9PW40GAGOE,UGFT-MAAIF/TAB/24-147,MAAIF,"[209490, 211056]",
159,review_multiple_existing_matches, Tablets sumsung,R9PW40GAGDL,UGFT-MAAIF/TAB/24-149,MAAIF,"[209494, 211058]",
160,review_multiple_existing_matches, Tablets sumsung,R9PW40GAG5W,UGFT-MAAIF/TAB/24-150,MAAIF,"[209493, 211059]",
162,review_multiple_existing_matches, Tablets sumsung,R9PW40G9PYL,UGFT-MAAIF/TAB/24-152,MAAIF,"[209487, 211061]",
163,review_multiple_existing_matches, Tablets sumsung,R9PW40GAGRK,UGFT-MAAIF/TAB/24-153,MAAIF,"[209488, 211062]",
164,review_multiple_existing_matches, Tablets sumsung,R9PW40GAGHT,UGFT-MAAIF/TAB/24-154,MAAIF,"[209489, 211063]",
175,review_multiple_existing_matches, Tablets sumsung,R9PW40FFL6M,UGFT-MAAIF/TAB/24-165,MAAIF,"[209486, 211074]",
176,review_multiple_existing_matches, Tablets sumsung,R9PW40FF6TD,UGFT-MAAIF/TAB/24-166,MAAIF,"[209471, 211075]",
177,review_multiple_existing_matches, Tablets sumsung,R9PW40FF76B,UGFT-MAAIF/TAB/24-167,MAAIF,"[209472, 211076]",
179,review_multiple_existing_matches, Tablets sumsung,R9PW40FFLAW,UGFT-MAAIF/TAB/24-169,MAAIF,"[209474, 211078]",
181,review_multiple_existing_matches, Tablets sumsung,R9PW40FFLVF,UGFT-MAAIF/TAB/24-171,MAAIF,"[209476, 211080]",
182,review_multiple_existing_matches, Tablets sumsung,R9PW40FFL8P,UGFT-MAAIF/TAB/24-172,MAAIF,"[209477, 211081]",
183,review_multiple_existing_matches, Tablets sumsung,R9PW40FF68D,UGFT-MAAIF/TAB/24-173,MAAIF,"[209478, 211082]",
184,review_multiple_existing_matches, Tablets sumsung,R9PW40FFL5E,UGFT-MAAIF/TAB/24-174,MAAIF,"[209485, 211083]",
285,review_multiple_existing_matches, Tablets sumsung,R83W40F84EN,UGFT-MAAIF/TAB/24-275,MAAIF,"[209454, 211163]",
288,review_multiple_existing_matches, Tablets sumsung,R83W40F73TN,UGFT-MAAIF/TAB/24-278,MAAIF,"[209451, 211166]",
289,review_multiple_existing_matches, Tablets sumsung,R83W40F78ML,UGFT-MAAIF/TAB/24-279,MAAIF,"[209450, 211167]",
291,review_multiple_existing_matches, Tablets sumsung,R83W40F878E,UGFT-MAAIF/TAB/24-281,MAAIF,"[209456, 211169]",
292,review_multiple_existing_matches, Tablets sumsung,R83W40F6ZVR,UGFT-MAAIF/TAB/24-282,MAAIF,"[209449, 211170]",
293,review_multiple_existing_matches, Tablets sumsung,R83W40F790R,UGFT-MAAIF/TAB/24-283,MAAIF,"[209448, 211171]",
294,review_multiple_existing_matches, Tablets sumsung,R83W40F6Z4P,UGFT-MAAIF/TAB/24-284,MAAIF,"[209447, 211172]",
305,review_multiple_existing_matches, Tablets sumsung,R83W40F8KPT,UGFT-MAAIF/TAB/24-295,MAAIF,"[209442, 211183]",
311,review_multiple_existing_matches, Tablets sumsung,R83W40F8ZYW,UGFT-MAAIF/TAB/24-301,MAAIF,"[209443, 211185]",
466,review_multiple_existing_matches, Tablets sumsung,R83W40F8XYX,UGFT-MAAIF/TAB/24-456,MAAIF,"[209469, 211330]",
468,review_multiple_existing_matches, Tablets sumsung,R83W40F8Y3A,UGFT-MAAIF/TAB/24-458,MAAIF,"[209468, 211332]",
471,review_multiple_existing_matches, Tablets sumsung,R83W40F8X9R,UGFT-MAAIF/TAB/24-461,MAAIF,"[209470, 211335]",
545,review_multiple_existing_matches, Tablets sumsung,R83W40F8SBP,UGFT-MAAIF/TAB/24-535,MAAIF,"[209428, 211408]",
546,review_multiple_existing_matches, Tablets sumsung,R83W40F8RNT,UGFT-MAAIF/TAB/24-536,MAAIF,"[209431, 211409]",
548,review_multiple_existing_matches, Tablets sumsung,R83W40F8RWW,UGFT-MAAIF/TAB/24-538,MAAIF,"[209433, 211411]",
552,review_multiple_existing_matches, Tablets sumsung,R83W40F8HAZ,UGFT-MAAIF/TAB/24-542,MAAIF,"[209466, 211415]",
554,review_multiple_existing_matches, Tablets sumsung,R83W40F8R2J,UGFT-MAAIF/TAB/24-544,MAAIF,"[209429, 211417]",
557,review_item_identity,Lenovo Computer set ,"CPU,Desktop and key board",UGIFT-MAAIF/MON/25/017,MAAIF,[209501],
558,review_item_identity,Lenovo Computer set ,"CPU,Desktop and key board",UGIFT-MAAIF/MON/25/035,MAAIF,[209504],
559,review_item_identity,Lenovo Computer set ,"CPU,Desktop and key board",UGIFT-MAAIF/MON/25/049,MAAIF,[209507],
560,review_item_identity,Lenovo Computer set ,"CPU,Desktop and key board",UGIFT-MAAIF/MON/25/052,MAAIF,[209510],
561,review_item_identity,Lenovo Computer set ,"CPU,Desktop and key board",UGIFT-MAAIF/MON/25/058,MAAIF,[209513],
562,review_item_identity,Lenovo Computer set ,"CPU,Desktop and key board",UGIFT-MAAIF/MON/25/071,MAAIF,[209516],
563,review_item_identity,Lenovo Computer set ,"CPU,Desktop and key board",UGIFT-MAAIF/MON/25/085,MAAIF,[209519],
564,review_item_identity,Lenovo Computer set ,"CPU,Desktop and key board",UGIFT-MAAIF/MON/25/092,MAAIF,[209522],
565,review_item_identity,Lenovo Computer set ,"CPU,Desktop and key board",UGIFT-MAAIF/MON/25/106,MAAIF,[209525],
566,review_item_identity,Lenovo Computer set ,"CPU,Desktop and key board",UGIFT-MAAIF/MON/25/111,MAAIF,[209528],
567,review_item_identity,Lenovo Computer set ,"CPU,Desktop and key board",UGIFT-MAAIF/MON/25/115,MAAIF,[209531],
568,review_item_identity,Lenovo Computer set ,"CPU,Desktop and key board",UGIFT-MAAIF/MON/25/120,MAAIF,[209534],
569,review_item_identity,Lenovo Computer set ,"CPU,Desktop and key board",UGIFT-MAAIF/MON/25/132,MAAIF,[209537],
570,review_item_identity,Lenovo Computer set ,"CPU,Desktop and key board",UGIFT-MAAIF/MON/25/137,MAAIF,[209540],
571,review_item_identity,Lenovo Computer set ,"CPU,Desktop and key board",UGIFT-MAAIF/MON/25/142,MAAIF,[209543],
572,review_multiple_existing_matches,LAPTOP Lenovo,Lenovo Thinkpad Laptop,UGIFT-MAAIF/LT/25/007,MAAIF,"[209394, 209395, 209396, 209397, 209398, 209399, 209400, 209401, 209402, 209403, 209546]",
573,review_multiple_existing_matches,LAPTOP Lenovo,Lenovo Thinkpad Laptop,UGIFT-MAAIF/LT/25/008,MAAIF,"[209404, 209547]",
574,review_multiple_existing_matches,LAPTOP Lenovo,Lenovo Thinkpad Laptop,UGIFT-MAAIF/LT/25/009,MAAIF,"[209405, 209548]",
575,review_multiple_existing_matches,LAPTOP Lenovo,Lenovo Thinkpad Laptop,UGIFT-MAAIF/LT/25/010,MAAIF,"[209406, 209549]",
576,review_multiple_existing_matches,LAPTOP Lenovo,Lenovo Thinkpad Laptop,UGIFT-MAAIF/LT/25/001,MAAIF,"[209407, 209550]",
577,review_multiple_existing_matches,LAPTOP Lenovo,Lenovo Thinkpad Laptop,UGIFT-MAAIF/LT/25/003,MAAIF,"[209408, 209551]",
578,review_multiple_existing_matches,LAPTOP Lenovo,Lenovo Thinkpad Laptop,UGIFT-MAAIF/LT/25/002,MAAIF,"[209409, 209552]",
579,review_multiple_existing_matches,LAPTOP Lenovo,Lenovo Thinkpad Laptop,UGIFT-MAAIF/LT/25/004,MAAIF,"[209410, 209553]",
580,review_multiple_existing_matches,LAPTOP Lenovo,Lenovo Thinkpad Laptop,UGIFT-MAAIF/LT/25/005,MAAIF,"[209411, 209554]",
581,review_multiple_existing_matches,LAPTOP Lenovo,Lenovo Thinkpad Laptop,UGIFT-MAAIF/LT/25/006,MAAIF,"[209412, 209555]",
582,review_multiple_existing_matches,Printers Laser Jet,,UGIFT-MAAIF/PR/25/001,MAAIF,"[209413, 209414, 209415, 209556, 215269]",
583,review_multiple_existing_matches,Printers Laser Jet,,UGIFT-MAAIF/PR/25/002,MAAIF,"[209416, 209557, 215270]",
584,review_multiple_existing_matches,Printers Laser Jet,,UGIFT-MAAIF/PR/25/003,MAAIF,"[209417, 209558, 215271]",
585,review_multiple_existing_matches,Printers Laser Jet,,UGIFT-MAAIF/PR/25/004,MAAIF,"[209418, 209419, 209559, 215272]",
586,review_multiple_existing_matches,Printers Laser Jet,,UGIFT-MAAIF/PR/25/005,MAAIF,"[209420, 209560, 215273]",
587,review_multiple_existing_matches,Printers Laser Jet,, UGIFT-MAAIF/PH/25/01,MAAIF,"[209421, 209561, 215274]",
589,review_no_unique_identifier,ACCESSORIES,,,MAAIF,[],
590,review_no_unique_identifier,ACCESSORIES,,,MAAIF,[],
591,review_no_unique_identifier,ACCESSORIES,,,MAAIF,[],
592,review_no_unique_identifier,ACCESSORIES,,,MAAIF,[],
593,review_no_unique_identifier,ACCESSORIES,,,MAAIF,[],
596,review_multiple_existing_matches,Kyocera 5054ci Photocopier ,,UGIFT-MOWT/PHC/22-01,MOWT,"[209568, 214882, 214883]",
597,review_no_unique_identifier,Kyocera 5054ci Coloured Photocopier ,,Not Engraved,MOWT,[],
598,review_item_identity,"Lenovo Desktop Computer 

",SGMOMKDOH,UGFT-MoWT/UPS/24-01,MOWT,"[209573, 214965]",
600,review_item_identity,"Lenovo Desktop Computer 

",SGMOMKDOK,UGFT-MoWT/UPS/24-02,MOWT,"[209578, 214968]",
601,review_multiple_existing_matches,UPS,S9S2349A01096,UGFT-MoWT/UPS/24-02,MOWT,"[209578, 209942, 214950, 214965]",
602,review_item_identity,"Lenovo Desktop Computer 

",SGMOMKDOM,UGFT-MoWT/UPS/22-03,MOWT,"[209583, 209609]",
603,review_multiple_existing_matches,UPS,S9S2349A01088,UGFT-MoWT/UPS/22-03,MOWT,"[209583, 209944, 214952, 214972]",
604,review_item_identity,"Lenovo Desktop Computer 

",SGMOMKDOJ,UGFT-MoWT/CPU/24-04,MOWT,[209589],
605,review_item_identity,UPS,,UGFT-MoWT/CPU/24-04,MOWT,[209589],
606,review_item_identity,"Lenovo Desktop Computer 

",SGMOMKDOL,UGFT-MoWT/UPS/24-05,MOWT,"[209593, 214978]",
621,review_multiple_existing_matches,Lenovo Desktop Computer,V5BYC581,UGIFT-BPED/MON/21-01,MOFPED,"[209614, 209719, 210447]",
622,review_multiple_existing_matches,Lenovo Desktop Computer,V5BYC625,UGIFT-BPED/MON/21-02,MOFPED,"[209617, 209722, 210450]",
623,review_multiple_existing_matches,Lenovo Desktop Computer,V5BYC572,UGIFT-BPED/MON/21-03,MOFPED,"[209620, 209725, 210453]",
624,review_multiple_existing_matches,Lenovo Desktop Computer,V5BYC577,UGIFT-BPED/MON/21-04,MOFPED,"[209623, 209728, 210456]",
625,review_multiple_existing_matches,Lenovo Desktop Computer,V5BYC610,UGIFT-BPED/MON/21-05,MOFPED,"[209626, 209731, 210459]",
626,review_multiple_existing_matches,Projector Epson,PD94L00066031,UGIFT-BPED/PJR/21-01,MOFPED,"[209630, 209735, 210462]",
627,review_multiple_existing_matches,Projector Epson,PD94L00070031,UGIFT-BPED/PJR/21-02,MOFPED,"[209631, 209736, 210463]",
628,review_multiple_existing_matches,Projector Epson,PD94L00069031,UGIFT-BPED/PJR/21-03,MOFPED,"[209632, 209737, 210464]",
629,review_multiple_existing_matches,Projector Epson,PD94L00074031,UGIFT-BPED/PJR/21-04,MOFPED,"[209633, 209738, 210465]",
630,review_multiple_existing_matches,Digital Office Phones,FUM203210695,UGIFT-BPED/TEL/21-01,MOFPED,"[209634, 209739, 210466]",
631,review_multiple_existing_matches,Digital Office Phones,FUM194620826,UGIFT-BPED/TEL/21-02,MOFPED,"[209635, 209740, 210467]",
632,review_multiple_existing_matches,Digital Office Phones,FUM203204787,UGIFT-BPED/TEL/21-03,MOFPED,"[209636, 209741, 210468]",
633,review_multiple_existing_matches,Digital Office Phones,FUM203211520,UGIFT-BPED/TEL/21-04,MOFPED,"[209637, 209742, 210469]",
634,review_multiple_existing_matches,Digital Office Phones,FUM203204977,UGIFT-BPED/TEL/21-05,MOFPED,"[209638, 209743, 214653]",
635,review_multiple_existing_matches,Dell Desktop Computer,CN-0W5PVX-QDC00-168-07VB-A06,UGIFT-BPED/MON/22-01,MOFPED,"[209639, 209744, 210471]",
636,review_multiple_existing_matches,UPS ,9B2132A09047,UGIFT-BPED/UPS/22-01,MOFPED,"[209642, 209747, 210474]",
637,review_multiple_existing_matches,Dell Desktop Computer,CN-0W5PVX-QDC00-15Q-ANB-A06,UGIFT-BPED/MON/22-02,MOFPED,"[209643, 209748, 210475]",
638,review_multiple_existing_matches,UPS ,9B2132A09052,UGIFT-BPED/UPS/22-02,MOFPED,"[209646, 209751, 210478]",
639,review_multiple_existing_matches,Dell Desktop Computer,CN-0W5PVX-QDC00-15Q-0LRB-A06,UGIFT-BPED/MON/22-03,MOFPED,"[209647, 209752, 210479]",
640,review_multiple_existing_matches,UPS,9B2123A18105,UGIFT-BPED/UPS/22-03,MOFPED,"[209650, 209755, 210482]",
641,review_multiple_existing_matches,Dell Desktop Computer,CN-0W5PVX-QDC00-15Q-0B7B-A06,UGIFT-BPED/MON/22-04,MOFPED,"[209651, 209756, 210483]",
642,review_multiple_existing_matches,UPS ,9B2132A09044,UGIFT-BPED/UPS/22-04,MOFPED,"[209654, 209759, 210486]",
643,review_multiple_existing_matches,Paper Shredder,N/A,UGIFT-BPED/SHR/22-01,MOFPED,"[209655, 209760, 210487]",
644,review_multiple_existing_matches,Water Dispenser,N/A,UGIFT-BPED/WD/22-01,MOFPED,"[209656, 209761, 210488]",
645,review_multiple_existing_matches,Laptop HP Probook 430 8GB,CND1379S8Y,UGIFT-BPED/LT/22-01,MOFPED,"[209657, 209762, 210498]",
646,review_multiple_existing_matches,Laptop HP Probook 430 8GB,5CD203D02K,UGIFT-BPED/LT/22-02,MOFPED,"[209658, 209763, 210499]",
647,review_multiple_existing_matches,Laptop HP Probook 430 8GB,5CD120RZS9,UGIFT-BPED/LT/22-03,MOFPED,"[209659, 209764, 210500]",
648,review_multiple_existing_matches,Laptop HP Probook 430 8GB,5CD203D02M,UGIFT-BPED/LT/22-04,MOFPED,"[209660, 209765, 210501]",
649,review_multiple_existing_matches,Laptop HP Probook 430 8GB,5CD203D02H,UGIFT-BPED/LT/22-05,MOFPED,"[209661, 209766, 210502]",
650,review_multiple_existing_matches,Heavy Duty Photocopier,RW21X01616,UGIFT-BPED/PHC/22-01,MOFPED,"[209662, 209767, 210503]",
651,review_multiple_existing_matches,Laptop Dell Latitude,6YY2TV3,UGIFT-BPED/LT/23-01,MOFPED,"[209663, 209768, 210504]",
652,review_multiple_existing_matches,Laptop Dell Latitude,7YY2TV3,UGIFT-BPED/LT/23-02,MOFPED,"[209664, 209769, 210505]",
653,review_multiple_existing_matches,Laptop Dell Latitude,3Y03TV3,UGIFT-BPED/LT/23-03,MOFPED,"[209665, 209770, 210506]",
654,review_multiple_existing_matches,Laptop Dell Latitude,2W53TV3,UGIFT-BPED/LT/23-04,MOFPED,"[209666, 209771, 210507]",
655,review_multiple_existing_matches,Printer Laserjet  color,JPBBQ3K0RQ,UGIFT-BPED/PRT/23-01,MOFPED,"[209667, 209772, 210508]",
656,review_multiple_existing_matches,PrinterLaserjet color,JPBBR4TOGS,UGIFT-BPED/PRT/23-02,MOFPED,"[209668, 209773, 210509]",
657,review_multiple_existing_matches,Printer Laserjet color,JPBBR4TOGZ,UGIFT-BPED/PRT/23-03,MOFPED,"[209669, 209774, 210510]",
658,review_multiple_existing_matches,UPS 1500VA,AS2334160436,UGFT-BPED/UPS/24-01,MOFPED,"[209670, 209775]",
659,review_multiple_existing_matches,UPS 1500VA,AS2334160432,UGFT-BPED/UPS/24-02,MOFPED,"[209671, 209776]",
660,review_multiple_existing_matches,UPS 1500VA,AS2334160435,UGFT-BPED/UPS/24-03,MOFPED,"[209672, 209777]",
661,review_multiple_existing_matches,Dell Laptop ,F0BXBH4,008-UGF/LT/0001,MOFPED,"[209673, 209778]",
662,review_multiple_existing_matches,Printer HP Color ,CZBBV2504W,008-UGF/PR/0001,MOFPED,"[209674, 209779]",
663,review_multiple_existing_matches,Laptop HP ,1H85451W1M,008-UGF/LT/0002,MOFPED,"[209675, 209780]",
664,review_multiple_existing_matches,Laptop HP ,1H85450WMF,008-UGF/LT/0003,MOFPED,"[209679, 209784]",
665,review_multiple_existing_matches,Toyota Hilux Double Cabin,1GD5310782,UG0868F,MOFPED,"[209683, 209685, 209788, 209790]",
666,review_multiple_existing_matches,Toyota Hilux Double Cabin,1GD5302072,UG0870F,MOFPED,"[209684, 209789, 214589]",
668,review_multiple_existing_matches,Toyota Hilux Double Cabin,,UG0845F,MOFPED,"[209686, 209791]",
669,review_multiple_existing_matches,Toyota Hilux Double Cabin,,UG0846F,MOFPED,"[209687, 209792]",
670,review_multiple_existing_matches,Toyota Hilux Double Cabin,,UG0847F,MOFPED,"[209688, 209793]",
671,review_multiple_existing_matches,Toyota Hilux Double Cabin,,UG0849F,MOFPED,"[209689, 209794]",
672,review_multiple_existing_matches,Office Chair 1400D * 600MM,Chair,UGIFT-BPED/CHR/23-01,MOFPED,"[209690, 209795, 210517]",
673,review_multiple_existing_matches,Office Chair 1400D * 600MM,Chair,UGIFT-BPED/CHR/23-02,MOFPED,"[209691, 209796, 210518]",
674,review_multiple_existing_matches,Office Chair 1400D * 600MM,Chair,UGIFT-BPED/CHR/23-03,MOFPED,"[209692, 209797, 210519]",
675,review_multiple_existing_matches,Office Chair 1400D * 600MM,Chair,UGIFT-BPED/CHR/23-04,MOFPED,"[209693, 209798, 210520]",
676,review_multiple_existing_matches,Office Chair 1400D * 600MM,Chair,UGIFT-BPED/CHR/23-05,MOFPED,"[209694, 209799, 210521]",
677,review_multiple_existing_matches,Office Chair 1400D * 600MM,Chair,UGIFT-BPED/CHR/23-06,MOFPED,"[209695, 209800, 210522]",
678,review_multiple_existing_matches,Office Chair 1400D * 600MM,Chair,UGIFT-BPED/CHR/23-07,MOFPED,"[209696, 209801, 210523]",
679,review_multiple_existing_matches,Office Chair 1400D * 600MM,Chair,UGIFT-BPED/CHR/23-08,MOFPED,"[209697, 209802, 210524]",
680,review_multiple_existing_matches,Office Desk,Desk,UGIFT-BPED/TBL/23-01,MOFPED,"[209698, 209803, 210525]",
681,review_multiple_existing_matches,Office Desk,Desk,UGIFT-BPED/TBL/23-02,MOFPED,"[209699, 209804, 210526]",
682,review_no_unique_identifier,Office Trays,Tray,N/A,MOFPED,[],
683,review_no_unique_identifier,Office Trays,Tray,N/A,MOFPED,[],
684,review_no_unique_identifier,Office Trays,Tray,N/A,MOFPED,[],
685,review_no_unique_identifier,Office Trays,Tray,N/A,MOFPED,[],
686,review_no_unique_identifier,Office Trays,Tray,N/A,MOFPED,[],
687,review_no_unique_identifier,Office Trays,Tray,N/A,MOFPED,[],
688,review_no_unique_identifier,Office Trays,Tray,N/A,MOFPED,[],
689,review_no_unique_identifier,Office Trays,Tray,N/A,MOFPED,[],
690,review_multiple_existing_matches,Executive Chairs,Chair,008/UGF/CH/0001,MOFPED,"[209708, 209813, 210535]",
691,review_multiple_existing_matches,Executive Chairs,Chair,008/UGF/CH/0002,MOFPED,"[209709, 209814, 210536]",
692,review_multiple_existing_matches,Filling Cabinet,Filling cabinet,UGIFT-BPED/FC/22-01,MOFPED,"[209710, 209815, 210489]",
693,review_multiple_existing_matches,Filling Cabinet,Filling cabinet,UGIFT-BPED/FC/22-02,MOFPED,"[209711, 209816, 210490]",
694,review_multiple_existing_matches,Metlic Cabinet,Metalic cabinet,UGIFT-BPED/TC/22-01,MOFPED,"[209712, 209817, 210491]",
695,review_multiple_existing_matches,Ergonomic Office Chair,Chair,UGIFT-BPED/CHR/22-01,MOFPED,"[209713, 209818, 210492]",
696,review_multiple_existing_matches,Ergonomic Office Chair,Chair,UGIFT-BPED/CHR/22-02,MOFPED,"[209714, 209819, 210493]",
697,review_multiple_existing_matches,Ergonomic Office Chair,Chair,UGIFT-BPED/CHR/22-03,MOFPED,"[209715, 209820, 210494]",
698,review_multiple_existing_matches,Office Desk,Desk,UGIFT-BPED/TBL/22-01,MOFPED,"[209716, 209821, 210495]",
699,review_multiple_existing_matches,Office Desk,Desk,UGIFT-BPED/TBL/22-02,MOFPED,"[209717, 209822, 210496]",
700,review_multiple_existing_matches,Office Desk,Desk,UGIFT-BPED/TBL/22-03,MOFPED,"[209718, 209823, 210497]",
717,review_no_unique_identifier,Samsung Tablet,Samsung galaxy Tab A7 lite,None,MoGLSD,[],
718,review_no_unique_identifier,Samsung Tablet,Samsung galaxy Tab A7 lite,None,MoGLSD,[],
721,review_item_identity,Motor vehicle,Motor Vechicle,UG3400003,MolG,[209840],
723,review_item_identity,Lenovo Desktop computer set,Lenovo Think Monitor,UGFT-MOLG/MON/24-01,MolG,"[209842, 214980, 214986]",
724,review_multiple_existing_matches,Laptop Lenovo Notebook,"Lenovo Notebook Thinkbook-14, Yoga Gen3, Bag, Wireless Mouse",UGFT-MOLG/LT/24-01,MolG,"[209845, 214984]",
725,review_multiple_existing_matches,Laptop Lenovo Notebook,"Lenovo Notebook Thinkbook-14, Yoga Gen3, Bag, Wireless Mouse",UGFT-MOLG/LT/24-02,MolG,"[209846, 214985]",
726,review_no_unique_identifier,Laptop Lenovo Notebook,Lenovo Thinkpad ,Not engraved,MolG,[],
727,review_no_unique_identifier,Laptop HP,HP Spectre X360 ,Not engraved,MolG,[],
728,review_no_unique_identifier,HP Desktop Computer,HP all-in-One Desktop,Not engraved,MolG,[],
729,review_no_unique_identifier,Computer,Keyboard,Not engraved,MolG,[],
730,review_no_unique_identifier,Computer,Mouse,Not engraved,MolG,[],
732,review_no_unique_identifier,Computer,Lenovo Think pad i7,Not engraved,NEMA,[],
733,review_no_unique_identifier,Computer,Lenovo Think pad i7,Not engraved,NEMA,[],
734,review_no_unique_identifier,Computer,Lenovo Think pad i7,Not engraved,NEMA,[],
735,review_no_unique_identifier,Computer,Lenovo Think pad i7,Not engraved,NEMA,[],
736,review_no_unique_identifier,Printer,Kyocera TASK 5054ci,Not engraved,NEMA,[],
738,review_multiple_existing_matches,Laptop,Lenovo Notebook P14s,UGFT-PPDA/LT/24-01,PPDA,"[209857, 214990]",
739,review_multiple_existing_matches,Laptop,Lenovonote book P14s,UGFT-PPDA/LT/24/02,PPDA,"[209858, 214991]",
740,review_multiple_existing_matches,Laptop,Lenovo Notebook P14s,UGFT-PPDA/LT/24-03,PPDA,"[209859, 214992]",
741,review_multiple_existing_matches,Tablet-Samsung Galaxy,Samsung Galaxy Tab S9 Ultra Tablet,UGFT-PPDA/TB/24-01,PPDA,"[209860, 214989]",
742,review_multiple_existing_matches,Printer-HP Laserjet Pro MFP,Printer,UGFT-PPDA/PRT/24-01,PPDA,"[209861, 214993]",
744,review_multiple_existing_matches,Laptop Dell,Dell XPS 15 I7 Laptop,UGIFT-OAG-HQT-LT-24-081,OAG,"[209862, 214536]",
745,review_multiple_existing_matches,Laptop Dell,Dell XPS 15 I7 Laptop,UGIFT-OAG-HQT-LT-24-092,OAG,"[209863, 214537]",
746,review_multiple_existing_matches,Laptop Dell,Dell XPS 15 I7 Laptop,UGIFT-OAG-HQT-LT-24-093,OAG,"[209864, 214538]",
759,review_item_identity,Toyota Hilux Double Cabin,Toyota Hilux Double Cabin,UG2300011,OAG,[209877],
760,review_item_identity,Toyota Hilux Double Cabin,Toyota Hilux Double Cabin,UG2300054,OAG,[209878],
764,review_no_unique_identifier,UPS Vertiv Edge 230V,N/A,N/A,MoWE,[],
765,review_no_unique_identifier,UPS Vertiv Edge 230V,N/A,N/A,MoWE,[],
766,review_no_unique_identifier,Dell Power Server,N/A,N/A,MoWE,[],
767,review_no_unique_identifier,Dell Power Server,N/A,N/A,MoWE,[],
768,review_no_unique_identifier,DELL LATITUDE LAPTOPS,,,MoWE,[],
769,review_item_identity,Laptop Dell Latitude ,DN4FTV3,UGFT/MOWE/LT/23-01,MoWE,[209884],
770,review_item_identity,Laptop Dell Latitude ,4QVNQV3,UGFT/MOWE/LT/23-02,MoWE,[209885],
771,review_item_identity,Laptop Dell Latitude ,8Q4FTV3,UGFT/MOWE/LT/23-03,MoWE,[209886],
772,review_item_identity,Laptop Dell Latitude ,5N7GTV3,UGFT/MOWE/LT/23-04,MoWE,[209887],
773,review_item_identity,Laptop Dell Latitude ,80JFTV3,UGFT/MOWE/LT/23-05,MoWE,[209888],
774,review_item_identity,Laptop Dell Latitude ,7CMGTV3,UGFT/MOWE/LT/23-06,MoWE,[209889],
775,review_item_identity,Laptop Dell Latitude ,JQGQQV3,UGFT/MOWE/LT/23-07,MoWE,[209890],
776,review_item_identity,Laptop Dell Latitude ,4BMGTV3,UGFT/MOWE/LT/23-08,MoWE,[209891],
777,review_item_identity,Laptop Dell Latitude ,JK4FTV3,UGFT/MOWE/LT/23-09,MoWE,[209892],
778,review_item_identity,Laptop Dell Latitude ,2N4FTV3,UGFT/MOWE/LT/23-10,MoWE,[209893],
779,review_item_identity,Laptop Dell Latitude ,FL4FTV3,UGFT/MOWE/LT/23-11,MoWE,[209894],
780,review_item_identity,Laptop Dell Latitude ,C57YRV3,UGFT/MOWE/LT/23-12,MoWE,[209895],
787,review_no_unique_identifier,KYOCERA ECOSYS MFP PRINTERS,,,MoWE,[],
796,review_no_unique_identifier,KYOCERA HEAVY DUTY COPIERS,,,MoWE,[],
799,review_no_unique_identifier,CAMERAS-NIKON D850,,,MoWE,[],
800,review_item_identity,Camera High Resolution,N/A,UGFT/MOWE/CM/23-01,MoWE,[209915],
801,review_item_identity,Camera High Resolution,N/A,UGFT/MOWE/CM/23-02,MoWE,[209916],
802,review_no_unique_identifier,PROJECTERS,,,MoWE,[],
822,review_no_unique_identifier,Lenovo Monitor,GMOMKDOJ,,MoWE,[],
823,review_no_unique_identifier,Lenovo Monitor,GMOMKDOK,,MoWE,[],
824,review_no_unique_identifier,Lenovo Monitor,GMOMKDOH,,MoWE,[],
825,review_no_unique_identifier,Lenovo Monitor,GMOMKDOL,,MoWE,[],
826,review_no_unique_identifier,Lenovo Monitor,GMOMKDOM,,MoWE,[],
828,review_multiple_existing_matches,UPS,SPS2349A01091,,MoWE,"[209943, 214951, 214968]",
830,review_multiple_existing_matches,UPS,S9S2349A01082,,MoWE,"[209588, 209945, 214953, 214975]",
831,review_multiple_existing_matches,UPS,SPS2349A01072,,MoWE,"[209946, 214954, 214978]",
832,review_item_identity,Screen Huawei 65inch,2155151014XHQ6000271,,MoWE,"[209597, 209947, 214955]",
833,review_multiple_existing_matches,Lenovo Monitor,SYLTOYW9C,,MoWE,"[209948, 214956]",
834,review_no_unique_identifier,Laptop Lenovo Thinkpad ,SPWOCBAKZ,,MoWE,[],
835,review_no_unique_identifier,Laptop Lenovo Thinkpad ,SPWOCBALO,,MoWE,[],
836,review_multiple_existing_matches,Laptop Lenovo Thinkpad ,SPF53BQZB,,MoWE,"[209951, 214959, 214991]",
837,review_multiple_existing_matches,Laptop Lenovo Thinkpad ,SPF53BROO,,MoWE,"[209952, 214960, 214990]",
838,review_multiple_existing_matches,Laptop Lenovo Thinkpad ,SPF53BROH,,MoWE,"[209953, 214961, 214992]",
839,review_multiple_existing_matches,Printer HP Laserjet  ,CNCRS3X6BR,,MoWE,"[209954, 214962, 214993]",
843,review_item_identity,Dell Desktop Computer,D92NTX3,UGFT/MOWE/MN-23/13,MoWE,[209955],
844,review_item_identity,Dell Desktop Computer,792NTX3,UGFT/MOWE/MN-23/14,MoWE,[209957],
845,review_item_identity,Dell Desktop Computer,F2YHTX3,UGFT/MOWE/MN-23/15,MoWE,[209959],
846,review_item_identity,Dell Desktop Computer,873JTX3,UGFT/MOWE/MN-23/16,MoWE,[209961],
847,review_item_identity,Dell Desktop Computer,783JTX3,UGFT/MOWE/MN-23/17,MoWE,[209963],
848,review_item_identity,Dell Desktop Computer,CB2NTX3,UGFT/MOWE/MN-23/18,MoWE,[209965],
849,review_item_identity,Dell Desktop Computer,5C2NTX3,UGFT/MOWE/MN-23/19,MoWE,[209967],
850,review_item_identity,Dell Desktop Computer,GB2NTX3,UGFT/MOWE/MN-23/20,MoWE,[209969],
851,review_item_identity,Dell Desktop Computer,6B2NTX3,UGFT/MOWE/MN-23/21,MoWE,[209971],
852,review_item_identity,Dell Desktop Computer,373JTX3,UGFT/MOWE/MN-23/22,MoWE,[209973],
853,review_item_identity,Dell Desktop Computer,DB2NTX3,UGFT/MOWE/MN-23/23,MoWE,[209975],
854,review_item_identity,Dell Desktop Computer,4D2NTX3,UGFT/MOWE/MN-23/24,MoWE,[209977],
855,review_item_identity,Dell Desktop Computer,D73JTX3,UGFT/MOWE/MN-23/25,MoWE,[209979],
856,review_item_identity,Dell Desktop Computer,B63JTX3,UGFT/MOWE/MN-23/26,MoWE,[209981],
857,review_item_identity,Dell Desktop Computer,HB2NTX3,UGFT/MOWE/MN-23/27,MoWE,[209983],
858,review_item_identity,Dell Desktop Computer,383JTX3,UGFT/MOWE/MN-23/28,MoWE,[209985],
859,review_item_identity,Dell Desktop Computer,43Y4TX3,UGFT/MOWE/MN-23/29,MoWE,[209987],
860,review_item_identity,Dell Desktop Computer,1C2NTX3,UGFT/MOWE/MN-23/30,MoWE,[209989],
861,review_item_identity,Dell Desktop Computer,7D2NTX3,UGFT/MOWE/MN-23/31,MoWE,[209991],
862,review_item_identity,Dell Desktop Computer,92NTX3,UGFT/MOWE/MN-23/32,MoWE,[209993],
863,review_item_identity,Dell Desktop Computer,5B2NTX3,UGFT/MOWE/MN-23/33,MoWE,[209995],
864,review_item_identity,Dell Desktop Computer,FB2NTX3,UGFT/MOWE/MN-23/34,MoWE,[209997],
865,review_item_identity,Dell Desktop Computer,63YHTX3,UGFT/MOWE/MN-23/35,MoWE,[209999],
866,review_item_identity,Dell Desktop Computer,22YHTX3,UGFT/MOWE/MN-23/36,MoWE,[210001],
867,review_item_identity,Dell Desktop Computer,8C2NTX3,UGFT/MOWE/MN-23/37,MoWE,[210003],
868,review_item_identity,Dell Desktop Computer,3YHTX3,UGFT/MOWE/MN-23/38,MoWE,[210005],
869,review_item_identity,Dell Desktop Computer,B92NTX3,UGFT/MOWE/MN-23/39,MoWE,[210007],
870,review_item_identity,Dell Desktop Computer,4B2NTX3,UGFT/MOWE/MN-23/40,MoWE,[210009],
871,review_item_identity,Dell Desktop Computer,83YHTX3,UGFT/MOWE/MN-23/41,MoWE,[210011],
872,review_item_identity,Dell Desktop Computer,CC2NTX3,UGFT/MOWE/MN-23/42,MoWE,[210013],
873,review_item_identity,Dell Desktop Computer,8B2NTX3,UGFT/MOWE/MN-23/43,MoWE,[210015],
874,review_item_identity,Dell Desktop Computer,2B2NTX3,UGFT/MOWE/MN-23/44,MoWE,[210017],
875,review_item_identity,Dell Desktop Computer,FC2NTX3,UGFT/MOWE/MN-23/45,MoWE,[210019],
876,review_item_identity,Dell Desktop Computer,H1YHTX3,UGFT/MOWE/MN-23/46,MoWE,[210021],
877,review_item_identity,Dell Desktop Computer,1D2NTX3,UGFT/MOWE/MN-23/47,MoWE,[210023],
878,review_item_identity,Dell Desktop Computer,H83JTX3,UGFT/MOWE/MN-23/48,MoWE,[210025],
879,review_item_identity,Dell Desktop Computer,BB2NTX3,UGFT/MOWE/MN-23/49,MoWE,[210027],
880,review_item_identity,Dell Desktop Computer,892NTX3,UGFT/MOWE/MN-23/50,MoWE,[210029],
881,review_item_identity,Dell Desktop Computer,283JX3,UGFT/MOWE/MN-23/51,MoWE,[210031],
882,review_item_identity,Dell Desktop Computer,992NTX3,UGFT/MOWE/MN-23/52,MoWE,[210033],
883,review_item_identity,Dell Desktop Computer,J92NTX3,UGFT/MOWE/MN-23/53,MoWE,[210035],
884,review_item_identity,Dell Desktop Computer,GC2NTX3,UGFT/MOWE/MN-23/54,MoWE,[210037],
885,review_item_identity,Dell Desktop Computer,3D2NTX3,UGFT/MOWE/MN-23/55,MoWE,[210039],
886,review_item_identity,Dell Desktop Computer,H92NTX3,UGFT/MOWE/MN-23/56,MoWE,[210041],
887,review_item_identity,Dell Desktop Computer,J1YHTX3,UGFT/MOWE/MN-23/57,MoWE,[210043],
888,review_item_identity,Dell Desktop Computer,BC2NTX3,UGFT/MOWE/MN-23/58,MoWE,[210045],
889,review_item_identity,Dell Desktop Computer,6D2NTX3,UGFT/MOWE/MN-23/59,MoWE,[210047],
890,review_item_identity,Dell Desktop Computer,3C2NTX3,UGFT/MOWE/MN-23/60,MoWE,[210049],
891,review_item_identity,Dell Desktop Computer,593JTX3,UGFT/MOWE/MN-23/61,MoWE,[210051],
892,review_item_identity,Dell Desktop Computer,693JTX3,UGFT/MOWE/MN-23/62,MoWE,[210053],
893,review_item_identity,Dell Desktop Computer,12YNTX3,UGFT/MOWE/MN-23/63,MoWE,[210055],
894,review_item_identity,Dell Desktop Computer,C93JTX3,UGFT/MOWE/MN-23/64,MoWE,[210057],
895,review_item_identity,Dell Desktop Computer,3B2NTX3,UGFT/MOWE/MN-23/65,MoWE,[210059],
896,review_item_identity,Dell Desktop Computer,793JTX3,UGFT/MOWE/MN-23/66,MoWE,[210061],
897,review_item_identity,Dell Desktop Computer,J2YHTX3,UGFT/MOWE/MN-23/67,MoWE,[210063],
898,review_item_identity,Dell Desktop Computer,7C2NTX3,UGFT/MOWE/MN-23/68,MoWE,[210065],
899,review_item_identity,Dell Desktop Computer,HC2NTX3,UGFT/MOWE/MN-23/69,MoWE,[210067],
900,review_item_identity,Dell Desktop Computer,683JTX3,UGFT/MOWE/MN-23/70,MoWE,[210069],
901,review_item_identity,Dell Desktop Computer,H2YHTX3,UGFT/MOWE/MN-23/71,MoWE,[210071],
902,review_item_identity,Dell Desktop Computer,H63JTX3,UGFT/MOWE/MN-23/72,MoWE,[210073],
903,review_item_identity,Dell Desktop Computer,993JTX3,UGFT/MOWE/MN-23/73,MoWE,[210075],
904,review_item_identity,Dell Desktop Computer,393JTX3,UGFT/MOWE/MN-23/74,MoWE,"[210077, 210079]",
906,review_item_identity,Dell Desktop Computer,G83JTX3,UGFT/MOWE/MN-23/76,MoWE,[210081],
907,review_item_identity,Dell Desktop Computer,973JTX3,UGFT/MOWE/MN-23/77,MoWE,[210083],
908,review_item_identity,Dell Desktop Computer,C63JTX3,UGFT/MOWE/MN-23/78,MoWE,[210085],
909,review_item_identity,Dell Desktop Computer,J63JTX3,UGFT/MOWE/MN-23/79,MoWE,[210087],
910,review_item_identity,Dell Desktop Computer,92YHTX3,UGFT/MOWE/MN-23/80,MoWE,[210089],
911,review_item_identity,Dell Desktop Computer,883JTX3,UGFT/MOWE/MN-23/81,MoWE,[210091],
912,review_item_identity,Dell Desktop Computer,62YHTX3,UGFT/MOWE/MN-23/82,MoWE,[210093],
913,review_item_identity,Dell Desktop Computer,33YHTX3,UGFT/MOWE/MN-23/83,MoWE,[210095],
914,review_item_identity,Dell Desktop Computer,81YHTX3,UGFT/MOWE/MN-23/84,MoWE,[210097],
915,review_item_identity,Dell Desktop Computer,91YHTX3,UGFT/MOWE/MN-23/85,MoWE,[210099],
916,review_item_identity,Dell Desktop Computer,1B2NTX3,UGFT/MOWE/MN-23/86,MoWE,[210101],
917,review_item_identity,Dell Desktop Computer,6C2NTX3,UGFT/MOWE/MN-23/87,MoWE,[210103],
918,review_item_identity,Dell Desktop Computer,JB2NTX3,UGFT/MOWE/MN-23/88,MoWE,[210105],
919,review_item_identity,Dell Desktop Computer,B93JTX3,UGFT/MOWE/MN-23/89,MoWE,[210107],
920,review_item_identity,Dell Desktop Computer,983JTX3,UGFT/MOWE/MN-23/90,MoWE,[210109],
921,review_item_identity,Dell Desktop Computer,183JTX3,UGFT/MOWE/MN-23/91,MoWE,[210111],
922,review_item_identity,Dell Desktop Computer,F92NTX3,UGFT/MOWE/MN-23/92,MoWE,[210113],
923,review_item_identity,Dell Desktop Computer,193JTX3,UGFT/MOWE/MN-23/93,MoWE,[210115],
924,review_item_identity,Dell Desktop Computer,2C2NTX3,UGFT/MOWE/MN-23/94,MoWE,[210117],
925,review_item_identity,Dell Desktop Computer,G1YHTX3,UGFT/MOWE/MN-23/95,MoWE,[210119],
926,review_item_identity,Dell Desktop Computer,C92NTX3,UGFT/MOWE/MN-23/96,MoWE,[210121],
927,review_item_identity,Dell Desktop Computer,473JTX3,UGFT/MOWE/MN-23/97,MoWE,[210123],
928,review_item_identity,Dell Desktop Computer,573JTX3,UGFT/MOWE/MN-23/98,MoWE,[210125],
929,review_item_identity,Dell Desktop Computer,D2YHTX3,UGFT/MOWE/MN-23/99,MoWE,[210127],
930,review_item_identity,Dell Desktop Computer,D1YHTX3,UGFT/MOWE/MN-23/100,MoWE,[210129],
931,review_item_identity,Dell Desktop Computer,F73JTX3,UGFT/MOWE/MN-23/101,MoWE,[210131],
932,review_item_identity,Dell Desktop Computer,93YHTX3,UGFT/MOWE/MN-23/102,MoWE,[210133],
933,review_item_identity,Dell Desktop Computer,692NTX3,UGFT/MOWE/MN-23/103,MoWE,[210135],
934,review_item_identity,Dell Desktop Computer,293JTX3,UGFT/MOWE/MN-23/104,MoWE,[210137],
935,review_item_identity,Dell Desktop Computer,G63JTX3,UGFT/MOWE/MN-23/105,MoWE,[210139],
936,review_item_identity,Dell Desktop Computer,H73JTX3,UGFT/MOWE/MN-23/106,MoWE,[210141],
937,review_item_identity,Dell Desktop Computer,52YHTX3,UGFT/MOWE/MN-23/107,MoWE,[210143],
938,review_item_identity,Dell Desktop Computer,F63JTX3,UGFT/MOWE/MN-23/108,MoWE,[210145],
939,review_item_identity,Dell Desktop Computer,673JTX3,UGFT/MOWE/MN-23/109,MoWE,[210147],
940,review_item_identity,Dell Desktop Computer,483JTX3,UGFT/MOWE/MN-23/110,MoWE,[210149],
941,review_item_identity,Dell Desktop Computer,D63JTX3,UGFT/MOWE/MN-23/111,MoWE,[210151],
942,review_item_identity,Dell Desktop Computer,F83JTX3,UGFT/MOWE/MN-23/112,MoWE,[210153],
943,review_item_identity,Dell Desktop Computer,493JTX3,UGFT/MOWE/MN-23/113,MoWE,[210155],
944,review_item_identity,Dell Desktop Computer,9B2NTX2,UGFT/MOWE/MN-23/114,MoWE,[210157],
945,review_item_identity,Dell Desktop Computer,23YHTX3,UGFT/MOWE/MN-23/115,MoWE,[210159],
946,review_item_identity,Dell Desktop Computer,73YHTX3,UGFT/MOWE/MN-23/116,MoWE,[210161],
964,review_multiple_existing_matches,MONITOR,B1YHTX3,UGFT/MOWE/MN-23/134,MoWE,"[210197, 214510]",
1055,review_multiple_existing_matches,UPS Budget Pro 850VA,2107AB0792,UGFT/MOWE/UPS/23-68,MoWE,"[210313, 210338]",
1148,review_possible_unnumbered_overlap,Laptop,MP2FHSG4,Ugift-MoH/LT/24-08,MoH,[209339],
1156,review_no_unique_identifier,Binders,,,MoH,[],
1157,review_no_unique_identifier,Binders,,,MoH,[],
1158,review_no_unique_identifier,Paper Shredder ,,,MoH,[],
1159,review_no_unique_identifier,Paper Shredder ,,,MoH,[],
1171,review_multiple_existing_matches,Motor Cycles-Yamaha,Eng No E3N2E-146130,UG7869M,MoH,"[209342, 214596]",
1172,review_multiple_existing_matches,Motor Cycles-Yamaha,Eng. No E3N2E-146116,UG7870M,MoH,"[209343, 214597]",
1173,review_multiple_existing_matches,Motor Cycles-Yamaha,Eng. No E3N2E-146102,UG7871M,MoH,"[209344, 214598]",
1174,review_multiple_existing_matches,Motor Cycles-Yamaha,Eng. Number E3N2E-146137,UG7872M,MoH,"[209345, 214599]",
1175,review_multiple_existing_matches,Motor Cycles-Yamaha,Eng. No E3N2E-145943,UG7873M,MoH,"[209346, 214600]",
1176,review_multiple_existing_matches,Motor Cycles-Yamaha,Eng. No E3N2E-146138,UG7874M,MoH,"[209347, 214601]",
1177,review_multiple_existing_matches,Motor Cycles-Yamaha,Eng. No E3N2E-146113,UG7875M,MoH,"[209348, 214602]",
1178,review_multiple_existing_matches,Motor Cycles-Yamaha,Eng.No E3N2E-146127,UG7876M,MoH,"[209349, 214603]",
1192,review_no_unique_identifier,Global Navigation satlite system,GNSS,Not availavle,MLHUD,[],
1193,review_no_unique_identifier,Global Navigation satlite system,GNSS,Not availavle,MLHUD,[],
1194,review_no_unique_identifier,Global Navigation satlite system,GNSS,Not availavle,MLHUD,[],
1195,review_no_unique_identifier,Global Navigation satlite system,GNSS,Not availavle,MLHUD,[],
1196,review_no_unique_identifier,Global Navigation satlite system,GNSS,Not availavle,MLHUD,[],
1197,review_no_unique_identifier,Global Navigation satlite system,GNSS,Not availavle,MLHUD,[],
1198,review_no_unique_identifier,Global Navigation satlite system,GNSS,Not availavle,MLHUD,[],
1199,review_no_unique_identifier,Global Navigation satlite system,GNSS,Not availavle,MLHUD,[],
1200,review_no_unique_identifier,Global Navigation satlite system,GNSS,Not availavle,MLHUD,[],
1201,review_no_unique_identifier,Global Navigation satlite system,GNSS,Not availavle,MLHUD,[],
1202,review_no_unique_identifier,Global Navigation satlite system,GNSS,Not availavle,MLHUD,[],
1203,review_no_unique_identifier,Global Navigation satlite system,GNSS,Not availavle,MLHUD,[],
1204,review_no_unique_identifier,Global Navigation satlite system,GNSS,Not availavle,MLHUD,[],
1205,review_no_unique_identifier,Global Navigation satlite system,GNSS,Not availavle,MLHUD,[],
1206,review_no_unique_identifier,Global Navigation satlite system,GNSS,Not availavle,MLHUD,[],
1207,review_no_unique_identifier,Global Navigation satlite system,GNSS,Not availavle,MLHUD,[],
1208,review_no_unique_identifier,Global Navigation satlite system,GNSS,Not availavle,MLHUD,[],
1209,review_no_unique_identifier,Global Navigation satlite system,GNSS,Not availavle,MLHUD,[],
1210,review_no_unique_identifier,Global Navigation satlite system,GNSS,Not availavle,MLHUD,[],
1211,review_no_unique_identifier,Global Navigation satlite system,GNSS,Not availavle,MLHUD,[],
1212,review_no_unique_identifier,Global Navigation satlite system,GNSS,Not availavle,MLHUD,[],
1213,review_no_unique_identifier,Global Navigation satlite system,GNSS,Not availavle,MLHUD,[],
1214,review_no_unique_identifier,Global Navigation satlite system,GNSS,Not availavle,MLHUD,[],
1215,review_no_unique_identifier,Global Navigation satlite system,GNSS,Not availavle,MLHUD,[],
1216,review_no_unique_identifier,Global Navigation satlite system,GNSS,Not availavle,MLHUD,[],
1217,review_no_unique_identifier,Global Navigation satlite system,GNSS,Not availavle,MLHUD,[],
1218,review_no_unique_identifier,Global Navigation satlite system,GNSS,Not availavle,MLHUD,[],
1219,review_no_unique_identifier,Global Navigation satlite system,GNSS,Not availavle,MLHUD,[],
1220,review_no_unique_identifier,Global Navigation satlite system,GNSS,Not availavle,MLHUD,[],
1221,review_no_unique_identifier,Global Navigation satlite system,GNSS,Not availavle,MLHUD,[],
1222,review_no_unique_identifier,Global Navigation satlite system,GNSS,Not availavle,MLHUD,[],
1223,review_no_unique_identifier,Global Navigation satlite system,GNSS,Not availavle,MLHUD,[],
1224,review_no_unique_identifier,Global Navigation satlite system,GNSS,Not availavle,MLHUD,[],
1225,review_no_unique_identifier,Global Navigation satlite system,GNSS,Not availavle,MLHUD,[],
1226,review_no_unique_identifier,Global Navigation satlite system,GNSS,Not availavle,MLHUD,[],
1227,review_no_unique_identifier,Global Navigation satlite system,GNSS,Not availavle,MLHUD,[],
1228,review_no_unique_identifier,Global Navigation satlite system,GNSS,Not availavle,MLHUD,[],
1229,review_no_unique_identifier,Global Navigation satlite system,GNSS,Not availavle,MLHUD,[],
1230,review_no_unique_identifier,Global Navigation satlite system,GNSS,Not availavle,MLHUD,[],
1231,review_no_unique_identifier,Global Navigation satlite system,GNSS,Not availavle,MLHUD,[],
1232,review_no_unique_identifier,Global Navigation satlite system,GNSS,Not available,MLHUD,[],
1233,review_no_unique_identifier,Global Navigation satlite system,GNSS,Not available,MLHUD,[],
1234,review_no_unique_identifier,Global Navigation satlite system,GNSS,Not available,MLHUD,[],
1235,review_no_unique_identifier,Global Navigation satlite system,GNSS,Not available,MLHUD,[],
1236,review_no_unique_identifier,Global Navigation satlite system,GNSS,Not available,MLHUD,[],
1237,review_no_unique_identifier,Global Navigation satlite system,GNSS,Not available,MLHUD,[],
1238,review_no_unique_identifier,Global Navigation satlite system,GNSS,Not available,MLHUD,[],
1239,review_no_unique_identifier,Global Navigation satlite system,GNSS,Not available,MLHUD,[],
1240,review_no_unique_identifier,Global Navigation satlite system,GNSS,Not available,MLHUD,[],
1241,review_no_unique_identifier,Global Navigation satlite system,GNSS,Not available,MLHUD,[],
1242,review_no_unique_identifier,Global Navigation satlite system,GNSS,Not available,MLHUD,[],
1243,review_no_unique_identifier,Global Navigation satlite system,GNSS,Not available,MLHUD,[],
1244,review_no_unique_identifier,Global Navigation satlite system,GNSS,Not available,MLHUD,[],
1245,review_no_unique_identifier,Global Navigation satlite system,GNSS,Not available,MLHUD,[],
1246,review_no_unique_identifier,Global Navigation satlite system,GNSS,Not available,MLHUD,[],
1247,review_no_unique_identifier,Global Navigation satlite system,GNSS,Not available,MLHUD,[],
1248,review_no_unique_identifier,Global Navigation satlite system,GNSS,Not available,MLHUD,[],
1249,review_no_unique_identifier,Global Navigation satlite system,GNSS,Not available,MLHUD,[],
1250,review_no_unique_identifier,Global Navigation satlite system,GNSS,Not available,MLHUD,[],
1251,review_no_unique_identifier,Global Navigation satlite system,GNSS,Not available,MLHUD,[],
1252,review_no_unique_identifier,Global Navigation satlite system,GNSS,Not available,MLHUD,[],
1253,review_no_unique_identifier,Global Navigation satlite system,GNSS,Not available,MLHUD,[],
1254,review_no_unique_identifier,Global Navigation satlite system,GNSS,Not available,MLHUD,[],
1255,review_no_unique_identifier,Global Navigation satlite system,GNSS,Not available,MLHUD,[],
1256,review_no_unique_identifier,Global Navigation satlite system,GNSS,Not available,MLHUD,[],
1257,review_no_unique_identifier,Global Navigation satlite system,GNSS,Not available,MLHUD,[],
1258,review_no_unique_identifier,Global Navigation satlite system,GNSS,Not available,MLHUD,[],
1259,review_no_unique_identifier,Global Navigation satlite system,GNSS,Not available,MLHUD,[],
1260,review_no_unique_identifier,Global Navigation satlite system,GNSS,Not available,MLHUD,[],
1261,review_no_unique_identifier,Global Navigation satlite system,GNSS,Not available,MLHUD,[],
1262,review_no_unique_identifier,Global Navigation satlite system,GNSS,Not available,MLHUD,[],
1263,review_no_unique_identifier,Global Navigation satlite system,GNSS,Not available,MLHUD,[],
1264,review_no_unique_identifier,Global Navigation satlite system,GNSS,Not available,MLHUD,[],
1265,review_no_unique_identifier,Global Navigation satlite system,GNSS,Not available,MLHUD,[],
1266,review_no_unique_identifier,Global Navigation satlite system,GNSS,Not available,MLHUD,[],
1267,review_no_unique_identifier,Global Navigation satlite system,GNSS,Not available,MLHUD,[],
1268,review_no_unique_identifier,Global Navigation satlite system,GNSS,Not available,MLHUD,[],
1269,review_no_unique_identifier,Global Navigation satlite system,GNSS,Not available,MLHUD,[],
1270,review_no_unique_identifier,Global Navigation satlite system,GNSS,Not available,MLHUD,[],
1271,review_no_unique_identifier,Global Navigation satlite system,GNSS,Not available,MLHUD,[],
1272,review_no_unique_identifier,Global Navigation satlite system,GNSS,Not available,MLHUD,[],
1273,review_no_unique_identifier,Global Navigation satlite system,GNSS,Not available,MLHUD,[],
1274,review_no_unique_identifier,Global Navigation satlite system,GNSS,Not available,MLHUD,[],
1275,review_no_unique_identifier,Global Navigation satlite system,GNSS,Not available,MLHUD,[],
1276,review_no_unique_identifier,Global Navigation satlite system,GNSS,Not available,MLHUD,[],
1277,review_no_unique_identifier,Global Navigation satlite system,GNSS,Not available,MLHUD,[],
1278,review_no_unique_identifier,Global Navigation satlite system,GNSS,Not available,MLHUD,[],
1279,review_no_unique_identifier,Global Navigation satlite system,GNSS,Not available,MLHUD,[],
1280,review_no_unique_identifier,Global Navigation satlite system,GNSS,Not available,MLHUD,[],
1281,review_no_unique_identifier,Global Navigation satlite system,GNSS,Not available,MLHUD,[],
1282,review_no_unique_identifier,Global Navigation satlite system,GNSS,Not available,MLHUD,[],
1283,review_no_unique_identifier,Global Navigation satlite system,GNSS,Not available,MLHUD,[],
1284,review_no_unique_identifier,Global Navigation satlite system,GNSS,Not available,MLHUD,[],
1285,review_no_unique_identifier,Global Navigation satlite system,GNSS,Not available,MLHUD,[],
1286,review_no_unique_identifier,Global Navigation satlite system,GNSS,Not available,MLHUD,[],
1287,review_no_unique_identifier,Global Navigation satlite system,GNSS,Not available,MLHUD,[],
1288,review_no_unique_identifier,Global Navigation satlite system,GNSS,Not available,MLHUD,[],
1289,review_no_unique_identifier,Global Navigation satlite system,GNSS,Not available,MLHUD,[],
1290,review_no_unique_identifier,Global Navigation satlite system,GNSS,Not available,MLHUD,[],
1291,review_no_unique_identifier,Global Navigation satlite system,GNSS,Not available,MLHUD,[],
1292,review_no_unique_identifier,Global Navigation satlite system,GNSS,Not available,MLHUD,[],
1293,review_no_unique_identifier,Global Navigation satlite system,GNSS,Not available,MLHUD,[],
1294,review_no_unique_identifier,Global Navigation satlite system,GNSS,Not available,MLHUD,[],
1295,review_no_unique_identifier,Global Navigation satlite system,GNSS,Not available,MLHUD,[],
1296,review_no_unique_identifier,Global Navigation satlite system,GNSS,Not available,MLHUD,[],
1297,review_no_unique_identifier,Global Navigation satlite system,GNSS,Not available,MLHUD,[],
1298,review_no_unique_identifier,Global Navigation satlite system,GNSS,Not available,MLHUD,[],
1299,review_no_unique_identifier,Global Navigation satlite system,GNSS,Not available,MLHUD,[],
1300,review_no_unique_identifier,Global Navigation satlite system,GNSS,Not available,MLHUD,[],
1301,review_no_unique_identifier,Global Navigation satlite system,GNSS,Not available,MLHUD,[],
1302,review_no_unique_identifier,Global Navigation satlite system,GNSS,Not available,MLHUD,[],
1303,review_no_unique_identifier,Global Navigation satlite system,GNSS,Not available,MLHUD,[],
1304,review_no_unique_identifier,Global Navigation satlite system,GNSS,Not available,MLHUD,[],
1305,review_no_unique_identifier,Global Navigation satlite system,GNSS,Not available,MLHUD,[],
1306,review_no_unique_identifier,Global Navigation satlite system,GNSS,Not available,MLHUD,[],
1307,review_no_unique_identifier,Global Navigation satlite system,GNSS,Not available,MLHUD,[],
1308,review_no_unique_identifier,Global Navigation satlite system,GNSS,Not available,MLHUD,[],
1309,review_no_unique_identifier,Global Navigation satlite system,GNSS,Not available,MLHUD,[],
1310,review_no_unique_identifier,Global Navigation satlite system,GNSS,Not available,MLHUD,[],
1311,review_no_unique_identifier,Global Navigation satlite system,GNSS,Not available,MLHUD,[],
1312,review_no_unique_identifier,Global Navigation satlite system,GNSS,Not available,MLHUD,[],
1313,review_no_unique_identifier,Global Navigation satlite system,GNSS,Not available,MLHUD,[],
1314,review_no_unique_identifier,Global Navigation satlite system,GNSS,Not available,MLHUD,[],
1315,review_no_unique_identifier,Global Navigation satlite system,GNSS,Not available,MLHUD,[],
1316,review_no_unique_identifier,Global Navigation satlite system,GNSS,Not available,MLHUD,[],
1317,review_no_unique_identifier,Global Navigation satlite system,GNSS,Not available,MLHUD,[],
1318,review_no_unique_identifier,Global Navigation satlite system,GNSS,Not available,MLHUD,[],
1319,review_no_unique_identifier,Global Navigation satlite system,GNSS,Not available,MLHUD,[],
1320,review_no_unique_identifier,Global Navigation satlite system,GNSS,Not available,MLHUD,[],
1321,review_no_unique_identifier,Global Navigation satlite system,GNSS,Not available,MLHUD,[],
1322,review_no_unique_identifier,Global Navigation satlite system,GNSS,Not available,MLHUD,[],
1323,review_no_unique_identifier,Global Navigation satlite system,GNSS,Not available,MLHUD,[],
1324,review_no_unique_identifier,Global Navigation satlite system,GNSS,Not available,MLHUD,[],
1325,review_no_unique_identifier,Global Navigation satlite system,GNSS,Not available,MLHUD,[],
1326,review_no_unique_identifier,Global Navigation satlite system,GNSS,Not available,MLHUD,[],
1327,review_no_unique_identifier,Global Navigation satlite system,GNSS,Not available,MLHUD,[],
1328,review_no_unique_identifier,Global Navigation satlite system,GNSS,Not available,MLHUD,[],
1329,review_no_unique_identifier,Global Navigation satlite system,GNSS,Not available,MLHUD,[],
1330,review_no_unique_identifier,Global Navigation satlite system,GNSS,Not available,MLHUD,[],
1331,review_no_unique_identifier,Global Navigation satlite system,GNSS,Not available,MLHUD,[],
1332,review_no_unique_identifier,Global Navigation satlite system,GNSS,Not available,MLHUD,[],
1333,review_no_unique_identifier,Global Navigation satlite system,GNSS,Not available,MLHUD,[],
1334,review_no_unique_identifier,Global Navigation satlite system,GNSS,Not available,MLHUD,[],
1335,review_no_unique_identifier,Global Navigation satlite system,GNSS,Not available,MLHUD,[],
1336,review_no_unique_identifier,Global Navigation satlite system,GNSS,Not available,MLHUD,[],
1337,review_no_unique_identifier,Global Navigation satlite system,GNSS,Not available,MLHUD,[],
1338,review_no_unique_identifier,Global Navigation satlite system,GNSS,Not available,MLHUD,[],
1339,review_no_unique_identifier,Global Navigation satlite system,GNSS,Not available,MLHUD,[],
1340,review_no_unique_identifier,Global Navigation satlite system,GNSS,Not available,MLHUD,[],
1341,review_no_unique_identifier,Global Navigation satlite system,GNSS,Not available,MLHUD,[],
1342,review_no_unique_identifier,Global Navigation satlite system,GNSS,Not available,MLHUD,[],
1343,review_no_unique_identifier,Global Navigation satlite system,GNSS,Not available,MLHUD,[],
1344,review_no_unique_identifier,Global Navigation satlite system,GNSS,Not available,MLHUD,[],
1345,review_no_unique_identifier,Global Navigation satlite system,GNSS,Not available,MLHUD,[],
1346,review_no_unique_identifier,Global Navigation satlite system,GNSS,Not available,MLHUD,[],
1347,review_no_unique_identifier,Global Navigation satlite system,GNSS,Not available,MLHUD,[],
1348,review_no_unique_identifier,Global Navigation satlite system,GNSS,Not available,MLHUD,[],
1349,review_no_unique_identifier,Global Navigation satlite system,GNSS,Not available,MLHUD,[],
1350,review_no_unique_identifier,Global Navigation satlite system,GNSS,Not available,MLHUD,[],
1351,review_no_unique_identifier,Global Navigation satlite system,GNSS,Not available,MLHUD,[],
1352,review_no_unique_identifier,Global Navigation satlite system,GNSS,Not available,MLHUD,[],
1353,review_no_unique_identifier,Global Navigation satlite system,GNSS,Not available,MLHUD,[],
1354,review_no_unique_identifier,Global Navigation satlite system,GNSS,Not available,MLHUD,[],
1355,review_no_unique_identifier,Global Navigation satlite system,GNSS,Not available,MLHUD,[],
1356,review_no_unique_identifier,Global Navigation satlite system,GNSS,Not available,MLHUD,[],
1357,review_no_unique_identifier,Global Navigation satlite system,GNSS,Not available,MLHUD,[],
1358,review_no_unique_identifier,Global Navigation satlite system,GNSS,Not available,MLHUD,[],
1359,review_no_unique_identifier,Global Navigation satlite system,GNSS,Not available,MLHUD,[],
1360,review_no_unique_identifier,Global Navigation satlite system,GNSS,Not available,MLHUD,[],
1361,review_no_unique_identifier,Global Navigation satlite system,GNSS,Not available,MLHUD,[],
1362,review_no_unique_identifier,Global Navigation satlite system,GNSS,Not available,MLHUD,[],
1363,review_no_unique_identifier,Global Navigation satlite system,GNSS,Not available,MLHUD,[],
1364,review_no_unique_identifier,Global Navigation satlite system,GNSS,Not available,MLHUD,[],
1365,review_no_unique_identifier,Global Navigation satlite system,GNSS,Not available,MLHUD,[],
1366,review_no_unique_identifier,Global Navigation satlite system,GNSS,Not available,MLHUD,[],
1367,review_no_unique_identifier,Global Navigation satlite system,GNSS,Not available,MLHUD,[],
1368,review_no_unique_identifier,Global Navigation satlite system,GNSS,Not available,MLHUD,[],
1369,review_no_unique_identifier,Global Navigation satlite system,GNSS,Not available,MLHUD,[],
1370,review_no_unique_identifier,Global Navigation satlite system,GNSS,Not available,MLHUD,[],
1371,review_no_unique_identifier,Global Navigation satlite system,GNSS,Not available,MLHUD,[],
1372,review_no_unique_identifier,Global Navigation satlite system,GNSS,Not available,MLHUD,[],
1373,review_no_unique_identifier,Global Navigation satlite system,GNSS,Not available,MLHUD,[],
1374,review_no_unique_identifier,Global Navigation satlite system,GNSS,Not available,MLHUD,[],
1375,review_no_unique_identifier,Global Navigation satlite system,GNSS,Not available,MLHUD,[],
1376,review_no_unique_identifier,Global Navigation satlite system,GNSS,Not available,MLHUD,[],
1377,review_no_unique_identifier,Global Navigation satlite system,GNSS,Not available,MLHUD,[],
1378,review_no_unique_identifier,Global Navigation satlite system,GNSS,Not available,MLHUD,[],
1379,review_no_unique_identifier,Global Navigation satlite system,GNSS,Not available,MLHUD,[],
1380,review_no_unique_identifier,Global Navigation satlite system,GNSS,Not available,MLHUD,[],
1381,review_no_unique_identifier,Global Navigation satlite system,GNSS,Not available,MLHUD,[],
1382,review_no_unique_identifier,Global Navigation satlite system,GNSS,Not available,MLHUD,[],
1383,review_no_unique_identifier,Global Navigation satlite system,GNSS,Not available,MLHUD,[],
1384,review_no_unique_identifier,Global Navigation satlite system,GNSS,Not available,MLHUD,[],
1385,review_no_unique_identifier,Global Navigation satlite system,GNSS,Not available,MLHUD,[],
1386,review_no_unique_identifier,Global Navigation satlite system,GNSS,Not available,MLHUD,[],
1387,review_no_unique_identifier,Global Navigation satlite system,GNSS,Not available,MLHUD,[],
1388,review_no_unique_identifier,Global Navigation satlite system,GNSS,Not available,MLHUD,[],
1389,review_no_unique_identifier,Global Navigation satlite system,GNSS,Not available,MLHUD,[],
1390,review_no_unique_identifier,Global Navigation satlite system,GNSS,Not available,MLHUD,[],
1391,review_no_unique_identifier,Global Navigation satlite system,GNSS,Not available,MLHUD,[],
1392,review_no_unique_identifier,Global Navigation satlite system,GNSS,Not available,MLHUD,[],
1393,review_no_unique_identifier,Global Navigation satlite system,GNSS,Not available,MLHUD,[],
1394,review_no_unique_identifier,Global Navigation satlite system,GNSS,Not available,MLHUD,[],
1395,review_no_unique_identifier,Global Navigation satlite system,GNSS,Not available,MLHUD,[],
1396,review_no_unique_identifier,Global Navigation satlite system,GNSS,Not available,MLHUD,[],
1397,review_no_unique_identifier,Global Navigation satlite system,GNSS,Not available,MLHUD,[],
1398,review_no_unique_identifier,Global Navigation satlite system,GNSS,Not available,MLHUD,[],
1399,review_no_unique_identifier,Global Navigation satlite system,GNSS,Not available,MLHUD,[],
1400,review_no_unique_identifier,Global Navigation satlite system,GNSS,Not available,MLHUD,[],
1401,review_no_unique_identifier,Global Navigation satlite system,GNSS,Not available,MLHUD,[],
1402,review_no_unique_identifier,Global Navigation satlite system,GNSS,Not available,MLHUD,[],
1403,review_no_unique_identifier,Global Navigation satlite system,GNSS,Not available,MLHUD,[],
1404,review_no_unique_identifier,Global Navigation satlite system,GNSS,Not available,MLHUD,[],
1405,review_no_unique_identifier,Global Navigation satlite system,GNSS,Not available,MLHUD,[],
1406,review_no_unique_identifier,Global Navigation satlite system,GNSS,Not available,MLHUD,[],
1407,review_no_unique_identifier,Global Navigation satlite system,GNSS,Not available,MLHUD,[],
1408,review_no_unique_identifier,Global Navigation satlite system,GNSS,Not available,MLHUD,[],
1409,review_no_unique_identifier,Global Navigation satlite system,GNSS,Not available,MLHUD,[],
1410,review_no_unique_identifier,Global Navigation satlite system,GNSS,Not available,MLHUD,[],
1411,review_no_unique_identifier,Global Navigation satlite system,GNSS,Not available,MLHUD,[],
1412,review_no_unique_identifier,Global Navigation satlite system,GNSS,Not available,MLHUD,[],
1413,review_no_unique_identifier,Global Navigation satlite system,GNSS,Not available,MLHUD,[],
1414,review_no_unique_identifier,Global Navigation satlite system,GNSS,Not available,MLHUD,[],
1415,review_no_unique_identifier,Global Navigation satlite system,GNSS,Not available,MLHUD,[],
1416,review_no_unique_identifier,Global Navigation satlite system,GNSS,Not available,MLHUD,[],
1417,review_no_unique_identifier,Global Navigation satlite system,GNSS,Not available,MLHUD,[],
1418,review_no_unique_identifier,Global Navigation satlite system,GNSS,Not available,MLHUD,[],
1419,review_no_unique_identifier,Global Navigation satlite system,GNSS,Not available,MLHUD,[],
1420,review_no_unique_identifier,Global Navigation satlite system,GNSS,Not available,MLHUD,[],
1421,review_no_unique_identifier,Global Navigation satlite system,GNSS,Not available,MLHUD,[],
1422,review_no_unique_identifier,Global Navigation satlite system,GNSS,Not available,MLHUD,[],
1423,review_no_unique_identifier,Global Navigation satlite system,GNSS,Not available,MLHUD,[],
1424,review_no_unique_identifier,Global Navigation satlite system,GNSS,Not available,MLHUD,[],
1425,review_no_unique_identifier,Global Navigation satlite system,GNSS,Not available,MLHUD,[],
1426,review_no_unique_identifier,Global Navigation satlite system,GNSS,Not available,MLHUD,[],
1427,review_no_unique_identifier,Global Navigation satlite system,GNSS,Not available,MLHUD,[],
1428,review_no_unique_identifier,Global Navigation satlite system,GNSS,Not available,MLHUD,[],
1429,review_no_unique_identifier,Global Navigation satlite system,GNSS,Not available,MLHUD,[],
1430,review_no_unique_identifier,Global Navigation satlite system,GNSS,Not available,MLHUD,[],
1431,review_no_unique_identifier,Global Navigation satlite system,GNSS,Not available,MLHUD,[],
1432,review_no_unique_identifier,Global Navigation satlite system,GNSS,Not available,MLHUD,[],
1433,review_no_unique_identifier,Global Navigation satlite system,GNSS,Not available,MLHUD,[],
1434,review_no_unique_identifier,Global Navigation satlite system,GNSS,Not available,MLHUD,[],
1435,review_no_unique_identifier,Global Navigation satlite system,GNSS,Not available,MLHUD,[],
1436,review_no_unique_identifier,Global Navigation satlite system,GNSS,Not available,MLHUD,[],
1437,review_no_unique_identifier,Global Navigation satlite system,GNSS,Not available,MLHUD,[],
1438,review_no_unique_identifier,Global Navigation satlite system,GNSS,Not available,MLHUD,[],
1439,review_no_unique_identifier,Global Navigation satlite system,GNSS,Not available,MLHUD,[],
1440,review_no_unique_identifier,Global Navigation satlite system,GNSS,Not available,MLHUD,[],
1441,review_no_unique_identifier,Global Navigation satlite system,GNSS,Not available,MLHUD,[],
1442,review_no_unique_identifier,Global Navigation satlite system,GNSS,Not available,MLHUD,[],
1443,review_no_unique_identifier,Global Navigation satlite system,GNSS,Not available,MLHUD,[],
1444,review_no_unique_identifier,Global Navigation satlite system,GNSS,Not available,MLHUD,[],
1445,review_no_unique_identifier,Global Navigation satlite system,GNSS,Not available,MLHUD,[],
1446,review_no_unique_identifier,Global Navigation satlite system,GNSS,Not available,MLHUD,[],
1447,review_no_unique_identifier,Global Navigation satlite system,GNSS,Not available,MLHUD,[],
1448,review_no_unique_identifier,Global Navigation satlite system,GNSS,Not available,MLHUD,[],
1449,review_no_unique_identifier,Global Navigation satlite system,GNSS,Not available,MLHUD,[],
1450,review_no_unique_identifier,Global Navigation satlite system,GNSS,Not available,MLHUD,[],
1451,review_no_unique_identifier,Global Navigation satlite system,GNSS,Not available,MLHUD,[],
1468,review_multiple_existing_matches,Laptop LenThinkBook,1S21KGA01QUEPW082TGQ,MOES-UGFT/LT/23-15,MOES,"[210566, 210891]",
1725,review_multiple_existing_matches,Laptop LenThinkBook,1S21KGA01QUEPW082TBA,MOES-UGFT/LT/23-272,MOES,"[210775, 210861]",
1728,review_multiple_existing_matches,Laptop LenThinkBook,1S21KGA01QUEPW082THC,MOES-UGFT/LT/23-275,MOES,"[210778, 210810]",
1934,review_item_identity,Accessiories,G801721136,,MOES,[214864],
1935,review_item_identity,Accessiories,G801721150,,MOES,[214865],
1936,review_item_identity,Accessiories,G801721129,,MOES,[214866],
1937,review_item_identity,Accessiories,G801721135,,MOES,[214867],
1969,review_serial_conflict,Tablet,R9PT20A7LOV,,Local government,[216195],
2024,review_serial_conflict,Tablet,R9PT20F65QK,,Local government,[224922],
2072,review_serial_conflict,Tablet,R9PT20F6ZOF,,Local government,[215899],
2074,review_serial_conflict,Tablet,R9PT20F6YON,,Local government,[224474],
2084,review_serial_conflict,Tablet,R9PT20OHVYY,,Local government,[217895],
2087,review_serial_conflict,Tablet,R9PT20OHW4A,,Local government,[224523],
2144,review_serial_conflict,Tablet,R9PT20OF6WP,,Local government,[224920],
2203,review_serial_conflict,Tablet,R9PT20F6VOP,,Local government,[219236],
2213,review_serial_conflict,Tablet,R9PT20OHVC6,,Local government,[218156],
2243,review_serial_conflict,Tablet,R9PT208PHOB,,Local government,[221815],
2261,review_serial_conflict,Tablet,R9PT208PNOF,,Local government,[222413],
2267,review_serial_conflict,Tablet,R9PT208PJOZ,,Local government,[224553],
2282,review_serial_conflict,Tablet,R9PT208PPOH,,Local government,[218987],
2298,review_serial_conflict,Tablet,R9PT208PKOA,,Local government,[219209],
2333,review_serial_conflict,Tablet,R9PT207YOMA,,Local government,[224547],
2386,review_serial_conflict,Tablet,R9PT208PFIN,,Local government,[224504],
2405,review_serial_conflict,Tablet,R9PT208PFQO,,Local government,[216880],
2421,review_serial_conflict,Tablet,R9PT208P6EX,,Local government,[216887],
2507,review_serial_conflict,Tablet,R9PT208P6EW,,Local government,[225035],
2515,review_serial_conflict,Tablet,R9PT208PGOL,,Local government,[225026],
2558,review_serial_conflict,Tablet,R9PT207XZOA,,Local government,[225084],
2565,review_serial_conflict,Tablet,R9PT208PB0O,,Local government,[215827],
2642,review_serial_conflict,Tablet,R9PT208PDOR,,Local government,[222599],
2677,review_serial_conflict,Tablet,R9PT207XJOM,,Local government,[216963],
2686,review_serial_conflict,Tablet,R9PT208PLOD,,Local government,[218977],
2709,review_serial_conflict,Tablet,R9PT208PFOW,,Local government,[220292],
2732,review_serial_conflict,Tablet,R9PT207YSWW,,Local government,[215759],
2748,review_serial_conflict,Tablet,R9PT208PEIM,,Local government,[216560],
2807,review_serial_conflict,Tablet,R9PT20F6NOE,,Local government,[221739],
2809,review_serial_conflict,Tablet,R9PT20F6RIN,,Local government,[220294],
2855,review_serial_conflict,Tablet,R9PT20F6ROW,,Local government,[220567],
2862,review_serial_conflict,Tablet,R9PT20F6OWA,,Local government,[219068],
2871,review_serial_conflict,Tablet,R9PT20F6SOL,,Local government,[224488],
2877,review_serial_conflict,Tablet,R9PT20F6WOA,,Local government,[219242],
2883,review_serial_conflict,Tablet,R9PT20F6POR,,Local government,[224937],
2922,review_serial_conflict,Tablet,R9PT20OF6YA,,Local government,[222725],
6,conflicting_recorded_fact_preserved,,,,,209354,"{""source_row"": 6, ""register_row"": 209354, ""field"": ""Date Of Purchase"", ""existing"": ""2022/2023"", ""ifmis"": ""2023-10-05"", ""original_register_row"": 209354}"
19,conflicting_recorded_fact_preserved,,,,,210950,"{""source_row"": 19, ""register_row"": 210950, ""field"": ""Cost"", ""existing"": 689500, ""ifmis"": 698500, ""original_register_row"": 210950}"
29,conflicting_recorded_fact_preserved,,,,,210956,"{""source_row"": 29, ""register_row"": 210956, ""field"": ""Cost"", ""existing"": 689500, ""ifmis"": 698500, ""original_register_row"": 210956}"
39,conflicting_recorded_fact_preserved,,,,,210966,"{""source_row"": 39, ""register_row"": 210966, ""field"": ""Cost"", ""existing"": 689500, ""ifmis"": 698500, ""original_register_row"": 210966}"
49,conflicting_recorded_fact_preserved,,,,,210976,"{""source_row"": 49, ""register_row"": 210976, ""field"": ""Cost"", ""existing"": 689500, ""ifmis"": 698500, ""original_register_row"": 210976}"
59,conflicting_recorded_fact_preserved,,,,,210984,"{""source_row"": 59, ""register_row"": 210984, ""field"": ""Cost"", ""existing"": 689500, ""ifmis"": 698500, ""original_register_row"": 210984}"
79,conflicting_recorded_fact_preserved,,,,,211001,"{""source_row"": 79, ""register_row"": 211001, ""field"": ""Cost"", ""existing"": 689500, ""ifmis"": 698500, ""original_register_row"": 211001}"
89,conflicting_recorded_fact_preserved,,,,,211011,"{""source_row"": 89, ""register_row"": 211011, ""field"": ""Cost"", ""existing"": 689500, ""ifmis"": 698500, ""original_register_row"": 211011}"
99,conflicting_recorded_fact_preserved,,,,,211021,"{""source_row"": 99, ""register_row"": 211021, ""field"": ""Cost"", ""existing"": 689500, ""ifmis"": 698500, ""original_register_row"": 211021}"
109,conflicting_recorded_fact_preserved,,,,,211026,"{""source_row"": 109, ""register_row"": 211026, ""field"": ""Cost"", ""existing"": 689500, ""ifmis"": 698500, ""original_register_row"": 211026}"
119,conflicting_recorded_fact_preserved,,,,,211028,"{""source_row"": 119, ""register_row"": 211028, ""field"": ""Cost"", ""existing"": 689500, ""ifmis"": 698500, ""original_register_row"": 211028}"
129,conflicting_recorded_fact_preserved,,,,,211038,"{""source_row"": 129, ""register_row"": 211038, ""field"": ""Cost"", ""existing"": 689500, ""ifmis"": 698500, ""original_register_row"": 211038}"
169,conflicting_recorded_fact_preserved,,,,,211068,"{""source_row"": 169, ""register_row"": 211068, ""field"": ""Cost"", ""existing"": 689500, ""ifmis"": 698500, ""original_register_row"": 211068}"
189,conflicting_recorded_fact_preserved,,,,,211088,"{""source_row"": 189, ""register_row"": 211088, ""field"": ""Cost"", ""existing"": 689500, ""ifmis"": 698500, ""original_register_row"": 211088}"
199,conflicting_recorded_fact_preserved,,,,,211098,"{""source_row"": 199, ""register_row"": 211098, ""field"": ""Cost"", ""existing"": 689500, ""ifmis"": 698500, ""original_register_row"": 211098}"
219,conflicting_recorded_fact_preserved,,,,,211109,"{""source_row"": 219, ""register_row"": 211109, ""field"": ""Cost"", ""existing"": 689500, ""ifmis"": 698500, ""original_register_row"": 211109}"
229,conflicting_recorded_fact_preserved,,,,,211119,"{""source_row"": 229, ""register_row"": 211119, ""field"": ""Cost"", ""existing"": 689500, ""ifmis"": 698500, ""original_register_row"": 211119}"
239,conflicting_recorded_fact_preserved,,,,,211129,"{""source_row"": 239, ""register_row"": 211129, ""field"": ""Cost"", ""existing"": 689500, ""ifmis"": 698500, ""original_register_row"": 211129}"
249,conflicting_recorded_fact_preserved,,,,,211139,"{""source_row"": 249, ""register_row"": 211139, ""field"": ""Cost"", ""existing"": 689500, ""ifmis"": 698500, ""original_register_row"": 211139}"
259,conflicting_recorded_fact_preserved,,,,,211148,"{""source_row"": 259, ""register_row"": 211148, ""field"": ""Cost"", ""existing"": 689500, ""ifmis"": 698500, ""original_register_row"": 211148}"
269,conflicting_recorded_fact_preserved,,,,,211155,"{""source_row"": 269, ""register_row"": 211155, ""field"": ""Cost"", ""existing"": 689500, ""ifmis"": 698500, ""original_register_row"": 211155}"
299,conflicting_recorded_fact_preserved,,,,,211177,"{""source_row"": 299, ""register_row"": 211177, ""field"": ""Cost"", ""existing"": 689500, ""ifmis"": 698500, ""original_register_row"": 211177}"
319,conflicting_recorded_fact_preserved,,,,,211193,"{""source_row"": 319, ""register_row"": 211193, ""field"": ""Cost"", ""existing"": 689500, ""ifmis"": 698500, ""original_register_row"": 211193}"
329,conflicting_recorded_fact_preserved,,,,,211203,"{""source_row"": 329, ""register_row"": 211203, ""field"": ""Cost"", ""existing"": 689500, ""ifmis"": 698500, ""original_register_row"": 211203}"
339,conflicting_recorded_fact_preserved,,,,,211213,"{""source_row"": 339, ""register_row"": 211213, ""field"": ""Cost"", ""existing"": 689500, ""ifmis"": 698500, ""original_register_row"": 211213}"
349,conflicting_recorded_fact_preserved,,,,,211223,"{""source_row"": 349, ""register_row"": 211223, ""field"": ""Cost"", ""existing"": 689500, ""ifmis"": 698500, ""original_register_row"": 211223}"
359,conflicting_recorded_fact_preserved,,,,,211233,"{""source_row"": 359, ""register_row"": 211233, ""field"": ""Cost"", ""existing"": 689500, ""ifmis"": 698500, ""original_register_row"": 211233}"
369,conflicting_recorded_fact_preserved,,,,,211243,"{""source_row"": 369, ""register_row"": 211243, ""field"": ""Cost"", ""existing"": 689500, ""ifmis"": 698500, ""original_register_row"": 211243}"
379,conflicting_recorded_fact_preserved,,,,,211253,"{""source_row"": 379, ""register_row"": 211253, ""field"": ""Cost"", ""existing"": 689500, ""ifmis"": 698500, ""original_register_row"": 211253}"
389,conflicting_recorded_fact_preserved,,,,,211263,"{""source_row"": 389, ""register_row"": 211263, ""field"": ""Cost"", ""existing"": 689500, ""ifmis"": 698500, ""original_register_row"": 211263}"
399,conflicting_recorded_fact_preserved,,,,,211273,"{""source_row"": 399, ""register_row"": 211273, ""field"": ""Cost"", ""existing"": 689500, ""ifmis"": 698500, ""original_register_row"": 211273}"
409,conflicting_recorded_fact_preserved,,,,,211283,"{""source_row"": 409, ""register_row"": 211283, ""field"": ""Cost"", ""existing"": 689500, ""ifmis"": 698500, ""original_register_row"": 211283}"
429,conflicting_recorded_fact_preserved,,,,,211293,"{""source_row"": 429, ""register_row"": 211293, ""field"": ""Cost"", ""existing"": 689500, ""ifmis"": 698500, ""original_register_row"": 211293}"
439,conflicting_recorded_fact_preserved,,,,,211303,"{""source_row"": 439, ""register_row"": 211303, ""field"": ""Cost"", ""existing"": 689500, ""ifmis"": 698500, ""original_register_row"": 211303}"
449,conflicting_recorded_fact_preserved,,,,,211313,"{""source_row"": 449, ""register_row"": 211313, ""field"": ""Cost"", ""existing"": 689500, ""ifmis"": 698500, ""original_register_row"": 211313}"
459,conflicting_recorded_fact_preserved,,,,,211323,"{""source_row"": 459, ""register_row"": 211323, ""field"": ""Cost"", ""existing"": 689500, ""ifmis"": 698500, ""original_register_row"": 211323}"
469,conflicting_recorded_fact_preserved,,,,,211333,"{""source_row"": 469, ""register_row"": 211333, ""field"": ""Cost"", ""existing"": 689500, ""ifmis"": 698500, ""original_register_row"": 211333}"
479,conflicting_recorded_fact_preserved,,,,,211343,"{""source_row"": 479, ""register_row"": 211343, ""field"": ""Cost"", ""existing"": 689500, ""ifmis"": 698500, ""original_register_row"": 211343}"
489,conflicting_recorded_fact_preserved,,,,,211352,"{""source_row"": 489, ""register_row"": 211352, ""field"": ""Cost"", ""existing"": 689500, ""ifmis"": 698500, ""original_register_row"": 211352}"
499,conflicting_recorded_fact_preserved,,,,,211362,"{""source_row"": 499, ""register_row"": 211362, ""field"": ""Cost"", ""existing"": 689500, ""ifmis"": 698500, ""original_register_row"": 211362}"
509,conflicting_recorded_fact_preserved,,,,,211372,"{""source_row"": 509, ""register_row"": 211372, ""field"": ""Cost"", ""existing"": 689500, ""ifmis"": 698500, ""original_register_row"": 211372}"
519,conflicting_recorded_fact_preserved,,,,,211382,"{""source_row"": 519, ""register_row"": 211382, ""field"": ""Cost"", ""existing"": 689500, ""ifmis"": 698500, ""original_register_row"": 211382}"
529,conflicting_recorded_fact_preserved,,,,,211392,"{""source_row"": 529, ""register_row"": 211392, ""field"": ""Cost"", ""existing"": 689500, ""ifmis"": 698500, ""original_register_row"": 211392}"
539,conflicting_recorded_fact_preserved,,,,,211402,"{""source_row"": 539, ""register_row"": 211402, ""field"": ""Cost"", ""existing"": 689500, ""ifmis"": 698500, ""original_register_row"": 211402}"
549,conflicting_recorded_fact_preserved,,,,,211412,"{""source_row"": 549, ""register_row"": 211412, ""field"": ""Cost"", ""existing"": 689500, ""ifmis"": 698500, ""original_register_row"": 211412}"
599,conflicting_recorded_fact_preserved,,,,,209573,"{""source_row"": 599, ""register_row"": 209573, ""field"": ""Date Placed In Service"", ""existing"": ""26/08/2024"", ""ifmis"": ""2024-08-26"", ""original_register_row"": 209573}"
607,conflicting_recorded_fact_preserved,,,,,209593,"{""source_row"": 607, ""register_row"": 209593, ""field"": ""Date Placed In Service"", ""existing"": ""26/08/2024"", ""ifmis"": ""2024-08-26"", ""original_register_row"": 209593}"
611,conflicting_recorded_fact_preserved,,,,,209598,"{""source_row"": 611, ""register_row"": 209598, ""field"": ""Cost"", ""existing"": 900000, ""ifmis"": 5504000, ""original_register_row"": 209598}"
613,conflicting_recorded_fact_preserved,,,,,209602,"{""source_row"": 613, ""register_row"": 209602, ""field"": ""Cost"", ""existing"": 900000, ""ifmis"": 5504000, ""original_register_row"": 209602}"
615,conflicting_recorded_fact_preserved,,,,,209606,"{""source_row"": 615, ""register_row"": 209606, ""field"": ""Cost"", ""existing"": 900000, ""ifmis"": 5504000, ""original_register_row"": 209606}"
617,conflicting_recorded_fact_preserved,,,,,209610,"{""source_row"": 617, ""register_row"": 209610, ""field"": ""Cost"", ""existing"": 900000, ""ifmis"": 5504000, ""original_register_row"": 209610}"
713,conflicting_recorded_fact_preserved,,,,,214994,"{""source_row"": 713, ""register_row"": 214994, ""field"": ""Date Of Purchase"", ""existing"": ""2024-04-03"", ""ifmis"": ""2024-04-01"", ""original_register_row"": 214994}"
714,conflicting_recorded_fact_preserved,,,,,214995,"{""source_row"": 714, ""register_row"": 214995, ""field"": ""Date Of Purchase"", ""existing"": ""2024-04-03"", ""ifmis"": ""2024-04-01"", ""original_register_row"": 214995}"
715,conflicting_recorded_fact_preserved,,,,,214996,"{""source_row"": 715, ""register_row"": 214996, ""field"": ""Date Of Purchase"", ""existing"": ""2024-04-03"", ""ifmis"": ""2024-04-01"", ""original_register_row"": 214996}"
716,conflicting_recorded_fact_preserved,,,,,214997,"{""source_row"": 716, ""register_row"": 214997, ""field"": ""Date Of Purchase"", ""existing"": ""2024-04-03"", ""ifmis"": ""2024-04-01"", ""original_register_row"": 214997}"
1162,conflicting_recorded_fact_preserved,,,,,214940,"{""source_row"": 1162, ""register_row"": 214940, ""field"": ""Date Of Purchase"", ""existing"": ""2023-06-23"", ""ifmis"": ""2023-06-22"", ""original_register_row"": 214940}"
1163,conflicting_recorded_fact_preserved,,,,,214941,"{""source_row"": 1163, ""register_row"": 214941, ""field"": ""Date Of Purchase"", ""existing"": ""2023-06-23"", ""ifmis"": ""2023-06-22"", ""original_register_row"": 214941}"
1164,conflicting_recorded_fact_preserved,,,,,214942,"{""source_row"": 1164, ""register_row"": 214942, ""field"": ""Date Of Purchase"", ""existing"": ""2023-06-23"", ""ifmis"": ""2023-06-22"", ""original_register_row"": 214942}"
1165,conflicting_recorded_fact_preserved,,,,,214943,"{""source_row"": 1165, ""register_row"": 214943, ""field"": ""Date Of Purchase"", ""existing"": ""2023-06-23"", ""ifmis"": ""2023-06-22"", ""original_register_row"": 214943}"
1166,conflicting_recorded_fact_preserved,,,,,214944,"{""source_row"": 1166, ""register_row"": 214944, ""field"": ""Date Of Purchase"", ""existing"": ""2023-06-23"", ""ifmis"": ""2023-06-22"", ""original_register_row"": 214944}"
1169,conflicting_recorded_fact_preserved,,,,,209331,"{""source_row"": 1169, ""register_row"": 209331, ""field"": ""Cost"", ""existing"": ""UGX. 185,567,869"", ""ifmis"": 185567868, ""original_register_row"": 209331}"
1170,conflicting_recorded_fact_preserved,,,,,209330,"{""source_row"": 1170, ""register_row"": 209330, ""field"": ""Cost"", ""existing"": ""UGX. 185,567,868"", ""ifmis"": 185567868, ""original_register_row"": 209330}"
1180,conflicting_recorded_fact_preserved,,,,,214610,"{""source_row"": 1180, ""register_row"": 214610, ""field"": ""Cost"", ""existing"": 19349999.9, ""ifmis"": ""19,349,999.9"", ""original_register_row"": 214610}"
1181,conflicting_recorded_fact_preserved,,,,,214604,"{""source_row"": 1181, ""register_row"": 214604, ""field"": ""Cost"", ""existing"": 19349999.9, ""ifmis"": ""19,349,999.9"", ""original_register_row"": 214604}"
1183,conflicting_recorded_fact_preserved,,,,,214615,"{""source_row"": 1183, ""register_row"": 214615, ""field"": ""Cost"", ""existing"": 19349999.9, ""ifmis"": ""19,349,999.9"", ""original_register_row"": 214615}"
1184,conflicting_recorded_fact_preserved,,,,,214607,"{""source_row"": 1184, ""register_row"": 214607, ""field"": ""Cost"", ""existing"": 19349999.9, ""ifmis"": ""19,349,999.9"", ""original_register_row"": 214607}"
1185,conflicting_recorded_fact_preserved,,,,,214614,"{""source_row"": 1185, ""register_row"": 214614, ""field"": ""Cost"", ""existing"": 19349999.9, ""ifmis"": ""19,349,999.9"", ""original_register_row"": 214614}"
1187,conflicting_recorded_fact_preserved,,,,,214605,"{""source_row"": 1187, ""register_row"": 214605, ""field"": ""Cost"", ""existing"": 19349999.9, ""ifmis"": ""19,349,999.9"", ""original_register_row"": 214605}"
1188,conflicting_recorded_fact_preserved,,,,,214613,"{""source_row"": 1188, ""register_row"": 214613, ""field"": ""Cost"", ""existing"": 19349999.9, ""ifmis"": ""19,349,999.9"", ""original_register_row"": 214613}"
1189,conflicting_recorded_fact_preserved,,,,,214609,"{""source_row"": 1189, ""register_row"": 214609, ""field"": ""Cost"", ""existing"": 19349999.9, ""ifmis"": ""19,349,999.9"", ""original_register_row"": 214609}"
1190,conflicting_recorded_fact_preserved,,,,,214608,"{""source_row"": 1190, ""register_row"": 214608, ""field"": ""Cost"", ""existing"": 19349999.9, ""ifmis"": ""19,349,999.9"", ""original_register_row"": 214608}"
1191,conflicting_recorded_fact_preserved,,,,,214611,"{""source_row"": 1191, ""register_row"": 214611, ""field"": ""Cost"", ""existing"": 19349999.9, ""ifmis"": ""19,349,999.9"", ""original_register_row"": 214611}"
1933,conflicting_recorded_fact_preserved,,,,,214857,"{""source_row"": 1933, ""register_row"": 214857, ""field"": ""Date Of Purchase"", ""existing"": ""2022-01-27"", ""ifmis"": ""2022-01-28"", ""original_register_row"": 214857}"
