Cell,Asset_number,Item,Tag,Original_value,Reviewed_value,Source_file,Source_location,Basis
A6,UGIFT-118549,MonItor LENOVO,KYA ML01,MOH BK,TORORO MC BK,team-13/Tororo MC/Kyamwinula-HC-III/111_facility-equipment-inventory_ref-kyamwinula.xls,Class 1-ICT row 9,original_unique_left_inventory_item_tag_facility_and_verified_vote
I6,UGIFT-118549,MonItor LENOVO,KYA ML01,MOH,TORORO MC,team-13/Tororo MC/Kyamwinula-HC-III/111_facility-equipment-inventory_ref-kyamwinula.xls,Class 1-ICT row 9,original_unique_left_inventory_item_tag_facility_and_verified_vote
K6,UGIFT-118549,MonItor LENOVO,KYA ML01,Mudakori Health Centre III,Kyamwinula Health Centre III,team-13/Tororo MC/Kyamwinula-HC-III/111_facility-equipment-inventory_ref-kyamwinula.xls,Class 1-ICT row 9,original_unique_left_inventory_item_tag_facility_and_verified_vote
A7,UGIFT-118550,MonItor LENOVO,KYAML02,MOH BK,TORORO MC BK,team-13/Tororo MC/Kyamwinula-HC-III/111_facility-equipment-inventory_ref-kyamwinula.xls,Class 1-ICT row 10,original_unique_left_inventory_item_tag_facility_and_verified_vote
I7,UGIFT-118550,MonItor LENOVO,KYAML02,MOH,TORORO MC,team-13/Tororo MC/Kyamwinula-HC-III/111_facility-equipment-inventory_ref-kyamwinula.xls,Class 1-ICT row 10,original_unique_left_inventory_item_tag_facility_and_verified_vote
K7,UGIFT-118550,MonItor LENOVO,KYAML02,Mudakori Health Centre III,Kyamwinula Health Centre III,team-13/Tororo MC/Kyamwinula-HC-III/111_facility-equipment-inventory_ref-kyamwinula.xls,Class 1-ICT row 10,original_unique_left_inventory_item_tag_facility_and_verified_vote
A8,UGIFT-118551,CPU,KYA CPU01,MOH BK,TORORO MC BK,team-13/Tororo MC/Kyamwinula-HC-III/111_facility-equipment-inventory_ref-kyamwinula.xls,Class 1-ICT row 11,original_unique_left_inventory_item_tag_facility_and_verified_vote
I8,UGIFT-118551,CPU,KYA CPU01,MOH,TORORO MC,team-13/Tororo MC/Kyamwinula-HC-III/111_facility-equipment-inventory_ref-kyamwinula.xls,Class 1-ICT row 11,original_unique_left_inventory_item_tag_facility_and_verified_vote
K8,UGIFT-118551,CPU,KYA CPU01,Mudakori Health Centre III,Kyamwinula Health Centre III,team-13/Tororo MC/Kyamwinula-HC-III/111_facility-equipment-inventory_ref-kyamwinula.xls,Class 1-ICT row 11,original_unique_left_inventory_item_tag_facility_and_verified_vote
A9,UGIFT-118552,CPU,KYA CPU02,MOH BK,TORORO MC BK,team-13/Tororo MC/Kyamwinula-HC-III/111_facility-equipment-inventory_ref-kyamwinula.xls,Class 1-ICT row 12,original_unique_left_inventory_item_tag_facility_and_verified_vote
I9,UGIFT-118552,CPU,KYA CPU02,MOH,TORORO MC,team-13/Tororo MC/Kyamwinula-HC-III/111_facility-equipment-inventory_ref-kyamwinula.xls,Class 1-ICT row 12,original_unique_left_inventory_item_tag_facility_and_verified_vote
K9,UGIFT-118552,CPU,KYA CPU02,Mudakori Health Centre III,Kyamwinula Health Centre III,team-13/Tororo MC/Kyamwinula-HC-III/111_facility-equipment-inventory_ref-kyamwinula.xls,Class 1-ICT row 12,original_unique_left_inventory_item_tag_facility_and_verified_vote
A10,UGIFT-118553,Power Bank,KYA PB01,MOH BK,TORORO MC BK,team-13/Tororo MC/Kyamwinula-HC-III/111_facility-equipment-inventory_ref-kyamwinula.xls,Class 1-ICT row 13,original_unique_left_inventory_item_tag_facility_and_verified_vote
I10,UGIFT-118553,Power Bank,KYA PB01,MOH,TORORO MC,team-13/Tororo MC/Kyamwinula-HC-III/111_facility-equipment-inventory_ref-kyamwinula.xls,Class 1-ICT row 13,original_unique_left_inventory_item_tag_facility_and_verified_vote
K10,UGIFT-118553,Power Bank,KYA PB01,Mudakori Health Centre III,Kyamwinula Health Centre III,team-13/Tororo MC/Kyamwinula-HC-III/111_facility-equipment-inventory_ref-kyamwinula.xls,Class 1-ICT row 13,original_unique_left_inventory_item_tag_facility_and_verified_vote
A11,UGIFT-118554,Power Regulator,KYA PR01,MOH BK,TORORO MC BK,team-13/Tororo MC/Kyamwinula-HC-III/111_facility-equipment-inventory_ref-kyamwinula.xls,Class 1-ICT row 14,original_unique_left_inventory_item_tag_facility_and_verified_vote
I11,UGIFT-118554,Power Regulator,KYA PR01,MOH,TORORO MC,team-13/Tororo MC/Kyamwinula-HC-III/111_facility-equipment-inventory_ref-kyamwinula.xls,Class 1-ICT row 14,original_unique_left_inventory_item_tag_facility_and_verified_vote
K11,UGIFT-118554,Power Regulator,KYA PR01,Mudakori Health Centre III,Kyamwinula Health Centre III,team-13/Tororo MC/Kyamwinula-HC-III/111_facility-equipment-inventory_ref-kyamwinula.xls,Class 1-ICT row 14,original_unique_left_inventory_item_tag_facility_and_verified_vote
A12,UGIFT-118555,Power Regulator,KYA PR02,MOH BK,TORORO MC BK,team-13/Tororo MC/Kyamwinula-HC-III/111_facility-equipment-inventory_ref-kyamwinula.xls,Class 1-ICT row 15,original_unique_left_inventory_item_tag_facility_and_verified_vote
I12,UGIFT-118555,Power Regulator,KYA PR02,MOH,TORORO MC,team-13/Tororo MC/Kyamwinula-HC-III/111_facility-equipment-inventory_ref-kyamwinula.xls,Class 1-ICT row 15,original_unique_left_inventory_item_tag_facility_and_verified_vote
K12,UGIFT-118555,Power Regulator,KYA PR02,Mudakori Health Centre III,Kyamwinula Health Centre III,team-13/Tororo MC/Kyamwinula-HC-III/111_facility-equipment-inventory_ref-kyamwinula.xls,Class 1-ICT row 15,original_unique_left_inventory_item_tag_facility_and_verified_vote
A13,UGIFT-118556,Key Board,KYA KB01,MOH BK,TORORO MC BK,team-13/Tororo MC/Kyamwinula-HC-III/111_facility-equipment-inventory_ref-kyamwinula.xls,Class 1-ICT row 16,original_unique_left_inventory_item_tag_facility_and_verified_vote
I13,UGIFT-118556,Key Board,KYA KB01,MOH,TORORO MC,team-13/Tororo MC/Kyamwinula-HC-III/111_facility-equipment-inventory_ref-kyamwinula.xls,Class 1-ICT row 16,original_unique_left_inventory_item_tag_facility_and_verified_vote
K13,UGIFT-118556,Key Board,KYA KB01,Mudakori Health Centre III,Kyamwinula Health Centre III,team-13/Tororo MC/Kyamwinula-HC-III/111_facility-equipment-inventory_ref-kyamwinula.xls,Class 1-ICT row 16,original_unique_left_inventory_item_tag_facility_and_verified_vote
A14,UGIFT-118557,Key Board,KYA KB02,MOH BK,TORORO MC BK,team-13/Tororo MC/Kyamwinula-HC-III/111_facility-equipment-inventory_ref-kyamwinula.xls,Class 1-ICT row 17,original_unique_left_inventory_item_tag_facility_and_verified_vote
I14,UGIFT-118557,Key Board,KYA KB02,MOH,TORORO MC,team-13/Tororo MC/Kyamwinula-HC-III/111_facility-equipment-inventory_ref-kyamwinula.xls,Class 1-ICT row 17,original_unique_left_inventory_item_tag_facility_and_verified_vote
K14,UGIFT-118557,Key Board,KYA KB02,Mudakori Health Centre III,Kyamwinula Health Centre III,team-13/Tororo MC/Kyamwinula-HC-III/111_facility-equipment-inventory_ref-kyamwinula.xls,Class 1-ICT row 17,original_unique_left_inventory_item_tag_facility_and_verified_vote
A15,UGIFT-118558,Power Extension,KYA PE01,MOH BK,TORORO MC BK,team-13/Tororo MC/Kyamwinula-HC-III/111_facility-equipment-inventory_ref-kyamwinula.xls,Class 1-ICT row 18,original_unique_left_inventory_item_tag_facility_and_verified_vote
I15,UGIFT-118558,Power Extension,KYA PE01,MOH,TORORO MC,team-13/Tororo MC/Kyamwinula-HC-III/111_facility-equipment-inventory_ref-kyamwinula.xls,Class 1-ICT row 18,original_unique_left_inventory_item_tag_facility_and_verified_vote
K15,UGIFT-118558,Power Extension,KYA PE01,Mudakori Health Centre III,Kyamwinula Health Centre III,team-13/Tororo MC/Kyamwinula-HC-III/111_facility-equipment-inventory_ref-kyamwinula.xls,Class 1-ICT row 18,original_unique_left_inventory_item_tag_facility_and_verified_vote
A16,UGIFT-118559,Power Extension,KYA PE02,MOH BK,TORORO MC BK,team-13/Tororo MC/Kyamwinula-HC-III/111_facility-equipment-inventory_ref-kyamwinula.xls,Class 1-ICT row 19,original_unique_left_inventory_item_tag_facility_and_verified_vote
I16,UGIFT-118559,Power Extension,KYA PE02,MOH,TORORO MC,team-13/Tororo MC/Kyamwinula-HC-III/111_facility-equipment-inventory_ref-kyamwinula.xls,Class 1-ICT row 19,original_unique_left_inventory_item_tag_facility_and_verified_vote
K16,UGIFT-118559,Power Extension,KYA PE02,Mudakori Health Centre III,Kyamwinula Health Centre III,team-13/Tororo MC/Kyamwinula-HC-III/111_facility-equipment-inventory_ref-kyamwinula.xls,Class 1-ICT row 19,original_unique_left_inventory_item_tag_facility_and_verified_vote
A3,UGIFT-118546,Laptop LENOVO,KYA LP01,MOH BK,TORORO MC BK,team-13/Tororo MC/Kyamwinula-HC-III/111_facility-equipment-inventory_ref-kyamwinula.xls,Class 1-ICT row 6,original_unique_left_inventory_item_tag_facility_and_verified_vote
I3,UGIFT-118546,Laptop LENOVO,KYA LP01,MOH,TORORO MC,team-13/Tororo MC/Kyamwinula-HC-III/111_facility-equipment-inventory_ref-kyamwinula.xls,Class 1-ICT row 6,original_unique_left_inventory_item_tag_facility_and_verified_vote
K3,UGIFT-118546,Laptop LENOVO,KYA LP01,Kasoli Health Centre III,Kyamwinula Health Centre III,team-13/Tororo MC/Kyamwinula-HC-III/111_facility-equipment-inventory_ref-kyamwinula.xls,Class 1-ICT row 6,original_unique_left_inventory_item_tag_facility_and_verified_vote
A4,UGIFT-118547,Scanner CANON,KYA SC01,MOH BK,TORORO MC BK,team-13/Tororo MC/Kyamwinula-HC-III/111_facility-equipment-inventory_ref-kyamwinula.xls,Class 1-ICT row 7,original_unique_left_inventory_item_tag_facility_and_verified_vote
I4,UGIFT-118547,Scanner CANON,KYA SC01,MOH,TORORO MC,team-13/Tororo MC/Kyamwinula-HC-III/111_facility-equipment-inventory_ref-kyamwinula.xls,Class 1-ICT row 7,original_unique_left_inventory_item_tag_facility_and_verified_vote
K4,UGIFT-118547,Scanner CANON,KYA SC01,Kasoli Health Centre III,Kyamwinula Health Centre III,team-13/Tororo MC/Kyamwinula-HC-III/111_facility-equipment-inventory_ref-kyamwinula.xls,Class 1-ICT row 7,original_unique_left_inventory_item_tag_facility_and_verified_vote
A5,UGIFT-118548,Extension,KYA ET01,MOH BK,TORORO MC BK,team-13/Tororo MC/Kyamwinula-HC-III/111_facility-equipment-inventory_ref-kyamwinula.xls,Class 1-ICT row 8,original_unique_left_inventory_item_tag_facility_and_verified_vote
I5,UGIFT-118548,Extension,KYA ET01,MOH,TORORO MC,team-13/Tororo MC/Kyamwinula-HC-III/111_facility-equipment-inventory_ref-kyamwinula.xls,Class 1-ICT row 8,original_unique_left_inventory_item_tag_facility_and_verified_vote
K5,UGIFT-118548,Extension,KYA ET01,Serena Health Centre III,Kyamwinula Health Centre III,team-13/Tororo MC/Kyamwinula-HC-III/111_facility-equipment-inventory_ref-kyamwinula.xls,Class 1-ICT row 8,original_unique_left_inventory_item_tag_facility_and_verified_vote
J3,UGIFT-118546,Laptop LENOVO,KYA LP01,UNSPECIFIED,PRIMARY HEALTHCARE,Location(3)2.xlsx,Sheet1!A8998,corrected_local_vote_health_centre_organizational_hierarchy
J4,UGIFT-118547,Scanner CANON,KYA SC01,UNSPECIFIED,PRIMARY HEALTHCARE,Location(3)2.xlsx,Sheet1!A8998,corrected_local_vote_health_centre_organizational_hierarchy
J5,UGIFT-118548,Extension,KYA ET01,UNSPECIFIED,PRIMARY HEALTHCARE,Location(3)2.xlsx,Sheet1!A8998,corrected_local_vote_health_centre_organizational_hierarchy
J6,UGIFT-118549,MonItor LENOVO,KYA ML01,UNSPECIFIED,PRIMARY HEALTHCARE,Location(3)2.xlsx,Sheet1!A8998,corrected_local_vote_health_centre_organizational_hierarchy
J7,UGIFT-118550,MonItor LENOVO,KYAML02,UNSPECIFIED,PRIMARY HEALTHCARE,Location(3)2.xlsx,Sheet1!A8998,corrected_local_vote_health_centre_organizational_hierarchy
J8,UGIFT-118551,CPU,KYA CPU01,UNSPECIFIED,PRIMARY HEALTHCARE,Location(3)2.xlsx,Sheet1!A8998,corrected_local_vote_health_centre_organizational_hierarchy
J9,UGIFT-118552,CPU,KYA CPU02,UNSPECIFIED,PRIMARY HEALTHCARE,Location(3)2.xlsx,Sheet1!A8998,corrected_local_vote_health_centre_organizational_hierarchy
J10,UGIFT-118553,Power Bank,KYA PB01,UNSPECIFIED,PRIMARY HEALTHCARE,Location(3)2.xlsx,Sheet1!A8998,corrected_local_vote_health_centre_organizational_hierarchy
J11,UGIFT-118554,Power Regulator,KYA PR01,UNSPECIFIED,PRIMARY HEALTHCARE,Location(3)2.xlsx,Sheet1!A8998,corrected_local_vote_health_centre_organizational_hierarchy
J12,UGIFT-118555,Power Regulator,KYA PR02,UNSPECIFIED,PRIMARY HEALTHCARE,Location(3)2.xlsx,Sheet1!A8998,corrected_local_vote_health_centre_organizational_hierarchy
J13,UGIFT-118556,Key Board,KYA KB01,UNSPECIFIED,PRIMARY HEALTHCARE,Location(3)2.xlsx,Sheet1!A8998,corrected_local_vote_health_centre_organizational_hierarchy
J14,UGIFT-118557,Key Board,KYA KB02,UNSPECIFIED,PRIMARY HEALTHCARE,Location(3)2.xlsx,Sheet1!A8998,corrected_local_vote_health_centre_organizational_hierarchy
J15,UGIFT-118558,Power Extension,KYA PE01,UNSPECIFIED,PRIMARY HEALTHCARE,Location(3)2.xlsx,Sheet1!A8998,corrected_local_vote_health_centre_organizational_hierarchy
J16,UGIFT-118559,Power Extension,KYA PE02,UNSPECIFIED,PRIMARY HEALTHCARE,Location(3)2.xlsx,Sheet1!A8998,corrected_local_vote_health_centre_organizational_hierarchy
L3,UGIFT-118546,Laptop LENOVO,KYA LP01,UNSPECIFIED,Data Room,team-13/Tororo MC/Kyamwinula-HC-III/111_facility-equipment-inventory_ref-kyamwinula.xls,Class 1-ICT row 6,explicit_original_Section_single_unique_tagged_unit
L4,UGIFT-118547,Scanner CANON,KYA SC01,UNSPECIFIED,Main Store,team-13/Tororo MC/Kyamwinula-HC-III/111_facility-equipment-inventory_ref-kyamwinula.xls,Class 1-ICT row 7,explicit_original_Section_single_unique_tagged_unit
L5,UGIFT-118548,Extension,KYA ET01,UNSPECIFIED,Data Room,team-13/Tororo MC/Kyamwinula-HC-III/111_facility-equipment-inventory_ref-kyamwinula.xls,Class 1-ICT row 8,explicit_original_Section_single_unique_tagged_unit
L6,UGIFT-118549,MonItor LENOVO,KYA ML01,UNSPECIFIED,OPD / Consultation Room,team-13/Tororo MC/Kyamwinula-HC-III/111_facility-equipment-inventory_ref-kyamwinula.xls,Class 1-ICT row 9,explicit_original_Section_single_unique_tagged_unit
L7,UGIFT-118550,MonItor LENOVO,KYAML02,UNSPECIFIED,Data Room,team-13/Tororo MC/Kyamwinula-HC-III/111_facility-equipment-inventory_ref-kyamwinula.xls,Class 1-ICT row 10,explicit_original_Section_single_unique_tagged_unit
L8,UGIFT-118551,CPU,KYA CPU01,UNSPECIFIED,OPD / Consultation Room,team-13/Tororo MC/Kyamwinula-HC-III/111_facility-equipment-inventory_ref-kyamwinula.xls,Class 1-ICT row 11,explicit_original_Section_single_unique_tagged_unit
L9,UGIFT-118552,CPU,KYA CPU02,UNSPECIFIED,Data Room,team-13/Tororo MC/Kyamwinula-HC-III/111_facility-equipment-inventory_ref-kyamwinula.xls,Class 1-ICT row 12,explicit_original_Section_single_unique_tagged_unit
L10,UGIFT-118553,Power Bank,KYA PB01,UNSPECIFIED,OPD / Consultation Room,team-13/Tororo MC/Kyamwinula-HC-III/111_facility-equipment-inventory_ref-kyamwinula.xls,Class 1-ICT row 13,explicit_original_Section_single_unique_tagged_unit
L11,UGIFT-118554,Power Regulator,KYA PR01,UNSPECIFIED,OPD / Consultation Room,team-13/Tororo MC/Kyamwinula-HC-III/111_facility-equipment-inventory_ref-kyamwinula.xls,Class 1-ICT row 14,explicit_original_Section_single_unique_tagged_unit
L12,UGIFT-118555,Power Regulator,KYA PR02,UNSPECIFIED,Data Room,team-13/Tororo MC/Kyamwinula-HC-III/111_facility-equipment-inventory_ref-kyamwinula.xls,Class 1-ICT row 15,explicit_original_Section_single_unique_tagged_unit
L13,UGIFT-118556,Key Board,KYA KB01,UNSPECIFIED,OPD / Consultation Room,team-13/Tororo MC/Kyamwinula-HC-III/111_facility-equipment-inventory_ref-kyamwinula.xls,Class 1-ICT row 16,explicit_original_Section_single_unique_tagged_unit
L14,UGIFT-118557,Key Board,KYA KB02,UNSPECIFIED,Data Room,team-13/Tororo MC/Kyamwinula-HC-III/111_facility-equipment-inventory_ref-kyamwinula.xls,Class 1-ICT row 17,explicit_original_Section_single_unique_tagged_unit
L15,UGIFT-118558,Power Extension,KYA PE01,UNSPECIFIED,OPD / Consultation Room,team-13/Tororo MC/Kyamwinula-HC-III/111_facility-equipment-inventory_ref-kyamwinula.xls,Class 1-ICT row 18,explicit_original_Section_single_unique_tagged_unit
L16,UGIFT-118559,Power Extension,KYA PE02,UNSPECIFIED,Data Room,team-13/Tororo MC/Kyamwinula-HC-III/111_facility-equipment-inventory_ref-kyamwinula.xls,Class 1-ICT row 19,explicit_original_Section_single_unique_tagged_unit
